銘柄コード,銘柄名称,銘柄略称
1301,極洋,極洋
1305,ｉＦｒｅｅＥＴＦ　ＴＯＰＩＸ（年１回決算型）,ｉＦＴＰＸ年１
1306,ＮＥＸＴ　ＦＵＮＤＳ　ＴＯＰＩＸ連動型上場投信,ＮＦＴＯＰＩＸ
1308,上場インデックスファンドＴＯＰＩＸ,上場ＴＰＸ
1309,ＮＥＸＴ　ＦＵＮＤＳ　ＣｈｉｎａＡＭＣ・中国株式・上証５０連動型上場投信,ＮＦ中国株上証５０
1311,ＮＥＸＴ　ＦＵＮＤＳ　ＴＯＰＩＸ　Ｃｏｒｅ　３０連動型上場投信,ＮＦＴＰＸ３０
1319,ＮＥＸＴ　ＦＵＮＤＳ　日経３００株価指数連動型上場投信,ＮＦ日経３００
1320,ｉＦｒｅｅＥＴＦ　日経２２５（年１回決算型）,ｉＦ２２５年１
1321,ＮＥＸＴ　ＦＵＮＤＳ　日経２２５連動型上場投信,ＮＦ日経２２５
1322,上場インデックスファンド中国Ａ株（パンダ）Ｅ　Ｆｕｎｄ　ＣＳＩ３００,上場パンタ
1325,ＮＥＸＴ　ＦＵＮＤＳ　ブラジル株式指数・ボベスパ連動型上場投信,ＮＦブラジル株
1326,ＳＰＤＲゴールド・シェア,ＳＰＤＲゴール
1328,ＮＥＸＴ　ＦＵＮＤＳ　金価格連動型上場投信,ＮＦ金価格
1329,ｉシェアーズ・コア　日経２２５　ＥＴＦ,ｉＳ２２５
1330,上場インデックスファンド２２５,上場２２５
1332,ニッスイ,ニッスイ
1333,Ｕｍｉｏｓ,Ｕｍｉｏｓ
1343,ＮＥＸＴ　ＦＵＮＤＳ　東証ＲＥＩＴ　指数連動型上場投信,ＮＦＪ－ＲＥＩＴ
1345,上場インデックスファンドＪリート（東証ＲＥＩＴ指数）隔月分配型,上場Ｊリート
1346,ＭＡＸＩＳ　日経２２５上場投信,ＭＸＳ２２５
1348,ＭＡＸＩＳ　トピックス上場投信,ＭＸＳトピクス
1349,ＡＢＦ汎アジア債券インデックス・ファンド,アジア債券
1356,ＴＯＰＩＸベア２倍上場投信,ＴＰダブルインバース
1357,ＮＥＸＴ　ＦＵＮＤＳ　日経平均ダブルインバース・インデックス連動型上場投信,ＮＦ日経ダブインバ
1358,上場インデックスファンド日経レバレッジ指数,上場日経２倍
1360,日経平均ベア２倍上場投信,ダブルインバース日経
1364,ｉシェアーズ　ＪＰＸ日経４００　ＥＴＦ,ｉＳＪＰＸ日経４００
1365,ｉＦｒｅｅＥＴＦ　日経平均レバレッジ・インデックス,ｉＦ２２５ダブル
1366,ｉＦｒｅｅＥＴＦ　日経平均ダブルインバース・インデックス,ｉＦ２２５Ｗベア
1367,ｉＦｒｅｅＥＴＦ　ＴＯＰＩＸレバレッジ（２倍）指数,ｉＦＴＰＸダブル
1368,ｉＦｒｅｅＥＴＦ　ＴＯＰＩＸダブルインバース（－２倍）指数,ｉＦＴＰＸＷベア
1369,Ｏｎｅ　ＥＴＦ　日経２２５,Ｏｎｅ・日経２２５
1375,ユキグニファクトリー,ユキグニファクトリー
1376,カネコ種苗,カネコ種苗
1377,サカタのタネ,サカタのタネ
1379,ホクト,ホクト
1380,秋川牧園,秋川牧園
1381,アクシーズ,アクシーズ
1382,ホーブ,ホーブ
1383,ベルグアース,ベルグアース
1384,ホクリヨウ,ホクリヨウ
1397,ＳＭＤＡＭ　日経２２５上場投信,ＳＭＤＡＭ　２２５
1398,ＳＭＤＡＭ　東証ＲＥＩＴ指数上場投信,ＳＭＤＡＭ　Ｊリート
1399,上場インデックスファンドＭＳＣＩ日本株高配当低ボラティリティ,上場高配当低ボラ
1401,エムビーエス,Ｇ－エムビーエス
1407,ウエストホールディングス,ウエストＨＤ
1414,ショーボンドホールディングス,ショーボンド
1417,ミライト・ワン,ミライト・ワン
1418,インターライフホールディングス,インターライフ
1419,タマホーム,タマホーム
1420,サンヨーホームズ,サンヨーＨ
1429,日本アクア,日本アクア
1430,ファーストコーポレーション,ファーストコーポ
1431,Ｌｉｂ　Ｗｏｒｋ,Ｇ－リブワーク
1432,動力,Ｐ－動力
1433,ベステラ,ベステラ
1434,ＪＥＳＣＯホールディングス,ＪＥＳＣＯ　ＨＤ
1435,ｒｏｂｏｔ　ｈｏｍｅ,ｒｏｂｏｔ　ｈｏｍｅ
1436,グリーンエナジー＆カンパニー,Ｇ－グリーンエナジー
1438,岐阜造園,岐阜造園
1443,技研ホールディングス,技研ホールディングス
1444,ニッソウ,Ｇ－ニッソウ
1445,ひかりホールディングス,Ｐ－ひかりＨＤ
1446,キャンディル,キャンディル
1447,ＳＡＡＦホールディングス,Ｇ－ＳＡＡＦＨＤ
1450,ＴＡＮＡＫＥＮ,ＴＡＮＡＫＥＮ
1452,横浜ライト工業,Ｐ－横浜ライト工業
1456,ｉＦｒｅｅＥＴＦ　日経平均インバース・インデックス,ｉＦ２２５ベア
1457,ｉＦｒｅｅＥＴＦ　ＴＯＰＩＸインバース（－１倍）指数,ｉＦＴＰＸベア
1458,楽天ＥＴＦ‐日経レバレッジ指数連動型,楽天２２５ダブルブル
1459,楽天ＥＴＦ‐日経ダブルインバース指数連動型,楽天２２５ダブルベア
1466,ｉＦｒｅｅＥＴＦ　ＪＰＸ日経４００ダブルインバース・インデックス,ｉＦＪ４００Ｗベア
1469,ＪＰＸ日経４００ベア２倍上場投信（ダブルインバース）,４００ベア２倍
1472,ＮＥＸＴ　ＦＵＮＤＳ　ＪＰＸ日経４００ダブルインバース・インデックス連動型上場投信,ＮＦＪ４００Ｄインバ
1473,Ｏｎｅ　ＥＴＦ　トピックス,Ｏｎｅ・トピックス
1474,Ｏｎｅ　ＥＴＦ　ＪＰＸ日経４００,Ｏｎｅ・ＪＰＸ４００
1475,ｉシェアーズ・コア　ＴＯＰＩＸ　ＥＴＦ,ｉＳＴＯＰＩＸ
1476,ｉシェアーズ・コア　Ｊリート　ＥＴＦ,ｉＳＪリート
1477,ｉシェアーズ　ＭＳＣＩ　日本株最小分散　ＥＴＦ,ｉＳＭＳＣＩ最小分散
1478,ｉシェアーズ　ＭＳＣＩ　ジャパン高配当利回り　ＥＴＦ,ｉＳＭＳＣＩ高配当
1479,ｉＦｒｅｅＥＴＦ　ＭＳＣＩ日本株人材設備投資指数,ｉＦＭＳＣＩ人材設備
1480,ＮＥＸＴ　ＦＵＮＤＳ　野村企業価値分配指数連動型上場投信,ＮＦ企業価値
1481,上場インデックスファンド日本経済貢献株,上場日本経済貢献
1482,ｉシェアーズ・コア　米国債７－１０年　ＥＴＦ（為替ヘッジあり）,ｉＳ米国債七十円へジ
1483,ｉシェアーズ　ＪＰＸ／Ｓ＆Ｐ設備・人材投資　ＥＴＦ,ｉＳ設備人材
1484,Ｏｎｅ　ＥＴＦ　ＪＰＸ／Ｓ＆Ｐ　設備・人材投資指数,Ｏｎｅ・設備人材投資
1485,ＭＡＸＩＳ　ＪＡＰＡＮ　設備・人材積極投資企業２００上場投信,ＭＸＳ　Ｊ積極投資
1486,上場インデックスファンド米国債券（為替ヘッジなし）,上場米債ヘッジなし
1487,上場インデックスファンド米国債券（為替ヘッジあり）,上場米債ヘッジあり
1488,ｉＦｒｅｅＥＴＦ　東証ＲＥＩＴ指数,ｉＦＪリート
1489,ＮＥＸＴ　ＦＵＮＤＳ　日経平均高配当株５０指数連動型上場投信,ＮＦ日経高配当５０
1490,上場インデックスファンドＭＳＣＩ日本株高配当低ボラティリティ（βヘッジ）,上場ベータヘッジ
1491,中外鉱業,中外鉱
1493,Ｏｎｅ　ＥＴＦ　ＪＰＸ日経中小型,Ｏｎｅ・中小型
1494,Ｏｎｅ　ＥＴＦ　高配当日本株,Ｏｎｅ・高配当日本株
1495,上場インデックスファンドアジアリート,上場アジアリート
1496,ｉシェアーズ　米ドル建て投資適格社債　ＥＴＦ（為替ヘッジあり）,ｉＳ米＄ＩＧ社債ヘジ
1497,ｉシェアーズ　米ドル建てハイイールド社債　ＥＴＦ（為替ヘッジあり）,ｉＳ米＄ＨＹ社債ヘジ
1498,Ｏｎｅ　ＥＴＦ　ＥＳＧ,Ｏｎｅ・ＥＳＧ
1499,ＭＡＸＩＳ日本株高配当７０マーケットニュートラル上場投信,ＭＸＳ高配当７０ＭＮ
1514,住石ホールディングス,住石ＨＤ
1515,日鉄鉱業,日鉄鉱
1518,三井松島ホールディングス,三井松島ＨＤ
1540,純金上場信託（現物国内保管型）,純金信託
1541,純プラチナ上場信託（現物国内保管型）,純プラ信
1542,純銀上場信託（現物国内保管型）,純銀信託
1543,純パラジウム上場信託（現物国内保管型）,純パラ信
1545,ＮＥＸＴ　ＦＵＮＤＳ　ＮＡＳＤＡＱ－１００（為替ヘッジなし）連動型上場投信,ナスダックヘッジ無
1546,ＮＥＸＴ　ＦＵＮＤＳ　ダウ・ジョーンズ工業株３０種平均株価（為替ヘッジなし）連動型上場投信,ダウヘッジ無
1547,上場インデックスファンド米国株式（Ｓ＆Ｐ５００）,上場米国
1550,ＭＡＸＩＳ　海外株式（ＭＳＣＩコクサイ）上場投信,ＭＸＳ外株
1551,東証スタンダードＴＯＰ２０ＥＴＦ,スタンダドＴＯＰ２０
1554,上場インデックスファンド世界株式（ＭＳＣＩ　ＡＣＷＩ）除く日本,上場ＭＳ世
1555,上場インデックスファンド豪州リート（Ｓ＆Ｐ／ＡＳＸ２００　Ａ－ＲＥＩＴ）,上場Ａリート
1557,Ｓｔａｔｅ　Ｓｔｒｅｅｔ　ＳＰＤＲ　Ｓ＆Ｐ　５００　ＥＴＦ,ＳＰＤＲ５００
1559,ＮＥＸＴ　ＦＵＮＤＳ　タイ株式ＳＥＴ５０指数連動型上場投信,ＮＦタイ株
1560,ＮＥＸＴ　ＦＵＮＤＳ　ＦＴＳＥブルサ・マレーシアＫＬＣＩ連動型上場投信,ＮＦマレーシア株
1563,東証グロース・コアＥＴＦ,東証グロース・コア
1566,上場インデックスファンド新興国債券,上場ＥＭ債
1568,ＴＯＰＩＸブル２倍上場投信,ＴＰレバレッジダブル
1569,ＴＯＰＩＸベア上場投信,トピックスインバース
1570,ＮＥＸＴ　ＦＵＮＤＳ　日経平均レバレッジ・インデックス連動型上場投信,ＮＦ日経レバ
1571,ＮＥＸＴ　ＦＵＮＤＳ　日経平均インバース・インデックス連動型上場投信,ＮＦ日経インバ
1572,中国Ｈ株ブル２倍上場投信,Ｈ株レバレッジダブル
1573,中国Ｈ株ベア上場投信,Ｈ株インバース
1577,ＮＥＸＴ　ＦＵＮＤＳ　野村日本株高配当７０連動型上場投信,ＮＦ日本高配当７０
1578,上場インデックスファンド日経２２５（ミニ）,上場２２５Ｍ
1579,日経平均ブル２倍上場投信,日経レバレッジダブル
1580,日経平均ベア上場投信,２２５インバース
1585,ｉＦｒｅｅＥＴＦ　ＴＯＰＩＸ　Ｅｘ－Ｆｉｎａｎｃｉａｌｓ,ｉＦＥＸ－Ｆ
1586,上場インデックスファンドＴＯＰＩＸ　Ｅｘ－Ｆｉｎａｎｃｉａｌｓ,上場ＴＰＸ除く金融
1591,ＮＥＸＴ　ＦＵＮＤＳ　ＪＰＸ日経インデックス４００連動型上場投信,ＮＦＪＰＸ４００
1592,上場インデックスファンドＪＰＸ日経インデックス４００,上場ＪＰＸ日経４００
1593,ＭＡＸＩＳ　ＪＰＸ日経インデックス４００上場投信,ＭＸＳ４００
1595,ＮＺＡＭ　上場投信　東証ＲＥＩＴ指数,ＮＺＡＭ　Ｊリート
1596,ＮＺＡＭ　上場投信　ＴＯＰＩＸ　Ｅｘ－Ｆｉｎａｎｃｉａｌｓ,ＮＺＡＭ　Ｅｘ―Ｆ
1597,ＭＡＸＩＳ　Ｊリート上場投信,ＭＸＳ　Ｊリート
1599,ｉＦｒｅｅＥＴＦ　ＪＰＸ日経４００,ｉＦＪＰＸ日経４００
1605,ＩＮＰＥＸ,ＩＮＰＥＸ
1615,ＮＥＸＴ　ＦＵＮＤＳ　東証銀行業株価指数連動型上場投信,ＮＦ銀行業
1617,ＮＥＸＴ　ＦＵＮＤＳ　食品（ＴＯＰＩＸ－１７）上場投信,ＮＦ食品Ｔ１７
1618,ＮＥＸＴ　ＦＵＮＤＳ　エネルギー資源（ＴＯＰＩＸ－１７）上場投信,ＮＦエネ資源Ｔ１７
1619,ＮＥＸＴ　ＦＵＮＤＳ　建設・資材（ＴＯＰＩＸ－１７）上場投信,ＮＦ建設資材Ｔ１７
1620,ＮＥＸＴ　ＦＵＮＤＳ　素材・化学（ＴＯＰＩＸ－１７）上場投信,ＮＦ素材化学Ｔ１７
1621,ＮＥＸＴ　ＦＵＮＤＳ　医薬品（ＴＯＰＩＸ－１７）上場投信,ＮＦ医薬品Ｔ１７
1622,ＮＥＸＴ　ＦＵＮＤＳ　自動車・輸送機（ＴＯＰＩＸ－１７）上場投信,ＮＦ自動車Ｔ１７
1623,ＮＥＸＴ　ＦＵＮＤＳ　鉄鋼・非鉄（ＴＯＰＩＸ－１７）上場投信,ＮＦ鉄鋼非鉄Ｔ１７
1624,ＮＥＸＴ　ＦＵＮＤＳ　機械（ＴＯＰＩＸ－１７）上場投信,ＮＦ機械Ｔ１７
1625,ＮＥＸＴ　ＦＵＮＤＳ　電機・精密（ＴＯＰＩＸ－１７）上場投信,ＮＦ電機精密Ｔ１７
1626,ＮＥＸＴ　ＦＵＮＤＳ　情報通信・サービスその他（ＴＯＰＩＸ－１７）上場投信,ＮＦ情通・他Ｔ１７
1627,ＮＥＸＴ　ＦＵＮＤＳ　電力・ガス（ＴＯＰＩＸ－１７）上場投信,ＮＦ電力ガスＴ１７
1628,ＮＥＸＴ　ＦＵＮＤＳ　運輸・物流（ＴＯＰＩＸ－１７）上場投信,ＮＦ運輸物流Ｔ１７
1629,ＮＥＸＴ　ＦＵＮＤＳ　商社・卸売（ＴＯＰＩＸ－１７）上場投信,ＮＦ商社卸売Ｔ１７
1630,ＮＥＸＴ　ＦＵＮＤＳ　小売（ＴＯＰＩＸ－１７）上場投信,ＮＦ小売Ｔ１７
1631,ＮＥＸＴ　ＦＵＮＤＳ　銀行（ＴＯＰＩＸ－１７）上場投信,ＮＦ銀行Ｔ１７
1632,ＮＥＸＴ　ＦＵＮＤＳ　金融（除く銀行）（ＴＯＰＩＸ－１７）上場投信,ＮＦ金融Ｔ１７
1633,ＮＥＸＴ　ＦＵＮＤＳ　不動産（ＴＯＰＩＸ－１７）上場投信,ＮＦ不動産Ｔ１７
1651,ｉＦｒｅｅＥＴＦ　ＴＯＰＩＸ高配当４０指数,ｉＦ高配当４０
1652,ｉＦｒｅｅＥＴＦ　ＭＳＣＩ日本株女性活躍指数（ＷＩＮ）,ｉＦ女性活躍ＷＩＮ
1653,ｉＦｒｅｅＥＴＦ　ＭＳＣＩジャパンＥＳＧセレクト・リーダーズ指数,ｉＦＥＳＧセレクト
1654,ｉＦｒｅｅＥＴＦ　ＦＴＳＥ　ＪＰＸ　Ｂｌｏｓｓｏｍ　Ｊａｐａｎ　Ｉｎｄｅｘ,ｉＦブロッサム
1655,ｉシェアーズ　Ｓ＆Ｐ　５００　米国株　ＥＴＦ,ｉＳＳＰ５００米国株
1656,ｉシェアーズ・コア　米国債７－１０年　ＥＴＦ,ｉＳ米国債七十
1657,ｉシェアーズ・コア　ＭＳＣＩ　先進国株（除く日本）ＥＴＦ,ｉＳＭＳＣＩ先進国株
1658,ｉシェアーズ・コア　ＭＳＣＩ　新興国株　ＥＴＦ,ｉＳＭＳＣＩ新興国株
1659,ｉシェアーズ　米国リート　ＥＴＦ,ｉＳ米国リート
1660,ＭＡＸＩＳ高利回りＪリート上場投信,ＭＸＳ高利Ｊリート
1662,石油資源開発,石油資源
1663,Ｋ＆Ｏエナジーグループ,Ｋ＆Ｏエナジー
1671,ＷＴＩ原油価格連動型上場投信,ＷＴＩ原油ＥＴＦ
1672,ＷｉｓｄｏｍＴｒｅｅ　金上場投資信託,金ＥＴＦ
1673,ＷｉｓｄｏｍＴｒｅｅ　銀上場投資信託,銀ＥＴＦ
1674,ＷｉｓｄｏｍＴｒｅｅ　白金上場投資信託,プラチナＥＴＦ
1675,ＷｉｓｄｏｍＴｒｅｅ　パラジウム上場投資信託,パラジＥＴＦ
1676,ＷｉｓｄｏｍＴｒｅｅ　貴金属バスケット上場投資信託,キンゾクＥＴＦ
1677,上場インデックスファンド海外債券（ＦＴＳＥ　ＷＧＢＩ）毎月分配型,上場外債
1678,ＮＥＸＴ　ＦＵＮＤＳ　インド株式指数・Ｎｉｆｔｙ　５０　連動型上場投信,ＮＦインド株
1679,Ｓｉｍｐｌｅ－Ｘ　ＮＹ　ダウ・ジョーンズ・インデックス上場投信,ＮＹダウ
1680,上場インデックスファンド海外先進国株式（ＭＳＣＩ－ＫＯＫＵＳＡＩ）,上場ＭＳコク
1681,上場インデックスファンド海外新興国株式（ＭＳＣＩ　エマージング）,上場ＭＳエマ
1684,ＷｉｓｄｏｍＴｒｅｅ　ブロード上場投資信託,商品ＥＴＦ
1685,ＷｉｓｄｏｍＴｒｅｅ　エネルギー上場投資信託,エナジーＥＴＦ
1686,ＷｉｓｄｏｍＴｒｅｅ　産業用金属上場投資信託,メタルＥＴＦ
1687,ＷｉｓｄｏｍＴｒｅｅ　農産物上場投資信託,アグリＥＴＦ
1688,ＷｉｓｄｏｍＴｒｅｅ　穀物上場投資信託,穀物ＥＴＦ
1689,ＷｉｓｄｏｍＴｒｅｅ　天然ガス上場投資信託,ガスＥＴＦ
1690,ＷｉｓｄｏｍＴｒｅｅ　ＷＴＩ　原油上場投資信託,原油ＥＴＦ
1691,ＷｉｓｄｏｍＴｒｅｅ　ガソリン上場投資信託,ガソリンＥＴＦ
1692,ＷｉｓｄｏｍＴｒｅｅ　アルミニウム上場投資信託,アルミＥＴＦ
1693,ＷｉｓｄｏｍＴｒｅｅ　銅上場投資信託,銅ＥＴＦ
1694,ＷｉｓｄｏｍＴｒｅｅ　ニッケル上場投資信託,ニッケルＥＴＦ
1695,ＷｉｓｄｏｍＴｒｅｅ　小麦上場投資信託,小麦ＥＴＦ
1696,ＷｉｓｄｏｍＴｒｅｅ　とうもろこし上場投資信託,コーンＥＴＦ
1697,ＷｉｓｄｏｍＴｒｅｅ　大豆上場投資信託,大豆ＥＴＦ
1698,上場インデックスファンド日本高配当（東証配当フォーカス１００）,上場配当
1699,ＮＥＸＴ　ＦＵＮＤＳ　ＮＯＭＵＲＡ　原油インデックス連動型上場投信,ＮＦ原油先物
1711,ＳＤＳホールディングス,ＳＤＳＨＤ
1712,ダイセキ環境ソリューション,ダイセキＳ
1716,第一カッター興業,第一カッター
1717,明豊ファシリティワークス,明豊ファシリティ
1718,美樹工業,美樹工業
1719,安藤・間,安藤ハザマ
1720,東急建設,東急建設
1721,コムシスホールディングス,コムシスＨＤ
1723,日本電技,日本電技
1724,シンクレイヤ,シンクレイヤ
1726,ビーアールホールディングス,Ｂｒ．ＨＤ
1736,オーテック,オーテック
1743,コーアツ工業,コーアツ工業
1757,創建エース,創建エース
1758,太洋基礎工業,太洋基礎
1762,高松コンストラクショングループ,高松Ｇ
1764,工藤建設,工藤建設
1766,東建コーポレーション,東建コーポ
1768,ソネック,ソネック
1770,藤田エンジニアリング,藤田エンジ
1773,ワイ・ティー・エル・コーポレーション・バーハッド,ＹＴＬ
1776,三井住建道路,三住道路
1780,ヤマウラ,ヤマウラ
1783,ｆａｎｔａｓｉｓｔａ,ｆａｎｔａｓｉｓｔａ
1786,オリエンタル白石,オリエンタル白石
1787,ナカボーテック,ナカボーテック
1788,三東工業社,三東工業
1793,大本組,大本組
1795,マサル,マサル
1798,守谷商会,守谷商会
1799,第一建設工業,第一建設
1801,大成建設,大成建
1802,大林組,大林組
1803,清水建設,清水建
1807,佐藤渡辺,佐藤渡辺
1808,長谷工コーポレーション,長谷工
1810,松井建設,松井建
1811,錢高組,銭高組
1812,鹿島建設,鹿島
1813,不動テトラ,不動テトラ
1814,大末建設,大末建
1815,鉄建建設,鉄建建設
1820,西松建設,西松建
1821,三井住友建設,三住建設
1822,大豊建設,大豊建
1826,佐田建設,佐田建
1827,ナカノフドー建設,ナカノフドー
1828,田辺工業,田辺工業
1833,奥村組,奥村組
1835,東鉄工業,東鉄工
1840,土屋ホールディングス,土屋ＨＤ
1841,サンユー建設,サンユー建設
1844,大盛工業,大盛工
1847,イチケン,イチケン
1848,富士ピー・エス,富士ピー・エス
1850,南海辰村建設,南海辰村建設
1852,淺沼組,浅沼組
1853,森組,森組
1860,戸田建設,戸田建
1861,熊谷組,熊谷組
1866,北野建設,北野建
1867,植木組,植木組
1870,矢作建設工業,矢作建
1871,ピーエス・コンストラクション,ピーエス
1873,日本ハウスホールディングス,日本ハウスＨＤ
1878,大東建託,大東建
1879,新日本建設,新日本建
1882,東亜道路工業,東亜道
1884,日本道路,日道路
1885,東亜建設工業,東亜建
1887,日本国土開発,日本国土開発
1888,若築建設,若築建
1890,東洋建設,東洋建
1893,五洋建設,五洋建
1897,金下建設,金下建設
1898,世紀東急工業,世紀東急
1899,福田組,福田組
1904,大成温調,大成温調
1905,テノックス,テノックス
1909,日本ドライケミカル,日本ドライケミカル
1911,住友林業,住友林
1914,日本基礎技術,日基礎
1921,巴コーポレーション,巴
1925,大和ハウス工業,大和ハウス
1926,ライト工業,ライト工
1928,積水ハウス,積水ハウス
1929,日特建設,日特建
1930,北陸電気工事,北陸電工
1934,ユアテック,ユアテック
1938,日本リーテック,日リーテック
1939,四電工,四電工
1941,中電工,中電工
1942,関電工,関電工
1944,きんでん,きんでん
1945,東京エネシス,東京エネシス
1946,トーエネック,トーエネック
1948,弘電社,弘電社
1949,住友電設,住友電設
1950,日本電設工業,日本電設
1951,エクシオグループ,エクシオグループ
1952,新日本空調,新日空調
1959,クラフティア,クラフティア
1960,サンテック,サンテック
1961,三機工業,三機工
1963,日揮ホールディングス,日揮ＨＤ
1964,中外炉工業,中外炉
1965,テクノ菱和,テクノ菱和
1966,高田工業所,高田工業所
1967,ヤマト,ヤマト
1968,太平電業,太平電
1969,高砂熱学工業,高砂熱
1972,三晃金属工業,三晃金
1975,朝日工業社,朝日工
1976,明星工業,明星工業
1979,大氣社,大気社
1980,ダイダン,ダイダン
1981,協和日成,協和日成
1982,日比谷総合設備,日比谷設
1992,神田通信機,神田通機
1994,高橋カーテンウォール工業,高橋ウォール
1997,暁飯島工業,暁飯島
2001,ニップン,ニップン
2002,日清製粉グループ本社,日清粉Ｇ
2003,日東富士製粉,日東富士
2004,昭和産業,昭和産
2009,鳥越製粉,鳥越粉
2011,ＳＭＤＡＭ　Ａｃｔｉｖｅ　ＥＴＦ　日本高配当株式,ＳＭＤＡＭ日本高配当
2031,ＮＥＸＴ　ＮＯＴＥＳ　香港ハンセン・ダブル・ブル　ＥＴＮ,ハンセンブル
2032,ＮＥＸＴ　ＮＯＴＥＳ　香港ハンセン・ベア　ＥＴＮ,ハンセンベア
2033,ＮＥＸＴ　ＮＯＴＥＳ　韓国ＫＯＳＰＩ・ダブル・ブル　ＥＴＮ,ＫＯＳＰＩブル
2034,ＮＥＸＴ　ＮＯＴＥＳ　韓国ＫＯＳＰＩ・ベア　ＥＴＮ,ＫＯＳＰＩベア
2036,ＮＥＸＴ　ＮＯＴＥＳ　金先物　ダブル・ブル　ＥＴＮ,金先物ダブルブル
2037,ＮＥＸＴ　ＮＯＴＥＳ　金先物　ベア　ＥＴＮ,金先物ベア
2038,ＮＥＸＴ　ＮＯＴＥＳ　ドバイ原油先物　ダブル・ブル　ＥＴＮ,ドバイ原油先物ブル
2039,ＮＥＸＴ　ＮＯＴＥＳ　ドバイ原油先物　ベア　ＥＴＮ,ドバイ原油先物ベア
2040,ＮＥＸＴ　ＮＯＴＥＳ　ＮＹダウ・ダブル・ブル・ドルヘッジ　ＥＴＮ,ＮＹダウブルＥＴＮ
2041,ＮＥＸＴ　ＮＯＴＥＳ　ＮＹダウ・ベア・ドルヘッジ　ＥＴＮ,ＮＹダウベアＥＴＮ
2042,ＮＥＸＴ　ＮＯＴＥＳ　東証グロース市場２５０　ＥＴＮ,グロース２５０ＥＴＮ
2043,ＮＥＸＴ　ＮＯＴＥＳ　ＳＴＯＸＸ　アセアン好配当５０（円、ネットリターン）ＥＴＮ,アセアン５０ＥＴＮ
2044,ＮＥＸＴ　ＮＯＴＥＳ　Ｓ＆Ｐ５００　配当貴族（ネットリターン）　ＥＴＮ,米国配当貴族ＥＴＮ
2045,ＮＥＸＴ　ＮＯＴＥＳ　Ｓ＆Ｐ　シンガポール　リート（ネットリターン）　ＥＴＮ,シンガポールリート
2046,ＮＥＸＴ　ＮＯＴＥＳ　インドＮｉｆｔｙ・ダブル・ブル　ＥＴＮ,インドブルＥＴＮ
2047,ＮＥＸＴ　ＮＯＴＥＳ　インドＮｉｆｔｙ・ベア　ＥＴＮ,インドベアＥＴＮ
2048,ＮＥＸＴ　ＮＯＴＥＳ　野村日本株高配当７０（ドルヘッジ、ネットリターン）ＥＴＮ,高配株＄ヘッジＥＴＮ
2050,ＮＥＸＴ　ＮＯＴＥＳ　ニッチトップ　中小型日本株（ネットリターン）ＥＴＮ,ニッチトップ中小型
2053,中部飼料,中部飼料
2055,日和産業,日和産業
2060,フィード・ワン,フィード・ワン
2065,ＮＥＸＴ　ＮＯＴＥＳ　日本株配当貴族（ドルヘッジ、ネットリターン）ＥＴＮ,日本株配当貴族ＥＴＮ
2066,ＮＥＸＴ　ＮＯＴＥＳ　東証ＲＥＩＴ（ドルヘッジ、ネットリターン）ＥＴＮ,東証リートＥＴＮ
2067,ＮＥＸＴ　ＮＯＴＥＳ　野村ＡＩビジネス７０（ネットリターン）ＥＴＮ,野村ＡＩ７０ＥＴＮ
2068,ＮＥＸＴ　ＮＯＴＥＳ　高ベータ３０（ネットリターン）ＥＴＮ,高ベータ３０ＥＴＮ
2069,ＮＥＸＴ　ＮＯＴＥＳ　低ベータ５０（ネットリターン）ＥＴＮ,低ベータ５０ＥＴＮ
2070,スマートＥＳＧ３０女性活躍（ネットリターン）ＥＴＮ,ＥＳＧ女性活躍ＥＴＮ
2071,スマートＥＳＧ３０総合（ネットリターン）ＥＴＮ,ＥＳＧ総合ＥＴＮ
2072,トップシェアインデックス（ネットリターン）ＥＴＮ,トップシェアＥＴＮ
2073,スマートＥＳＧ３０低カーボンリスク（ネットリターン）ＥＴＮ,ＥＳＧ低カーボン
2080,ＰＢＲ１倍割れ解消推進ＥＴＦ,ＰＢＲ１倍割れ解消
2081,政策保有解消推進ＥＴＦ,政策保有解消
2082,投資家経営者一心同体ＥＴＦ,投資家経営者一心同体
2083,ＮＥＸＴ　ＦＵＮＤＳ　日本成長株アクティブ上場投信,日本成長株アクティブ
2084,ＮＥＸＴ　ＦＵＮＤＳ　日本高配当株アクティブ上場投信,日本高配当アクティブ
2085,ＭＡＸＩＳ高配当日本株アクティブ上場投信,ＭＸ高配日株ア
2086,ＮＺＡＭ　上場投信　Ｓ＆Ｐ５００（為替ヘッジあり）,ＮＺＡＭ　ＳＰ５Ｈ
2087,ＮＺＡＭ　上場投信　ＮＡＳＤＡＱ１００（為替ヘッジあり）,ＮＺＡＭ　ＮＱ１Ｈ
2088,ＮＺＡＭ　上場投信　ＮＹダウ３０（為替ヘッジあり）,ＮＺＡＭ　ＤｏｗＨ
2089,ＮＺＡＭ　上場投信　ＤＡＸ（為替ヘッジあり）,ＮＺＡＭ　ＤＡＸＨ
2090,ＮＺＡＭ　上場投信　米国国債７－１０年（為替ヘッジあり）,ＮＺＡＭ　米７１０Ｈ
2091,ＮＺＡＭ　上場投信　ドイツ国債７－１０年（為替ヘッジあり）,ＮＺＡＭ　独７１０Ｈ
2092,ＮＺＡＭ　上場投信　フランス国債７－１０年（為替ヘッジあり）,ＮＺＡＭ　仏７１０Ｈ
2093,上場Ｔｒａｃｅｒｓ　米国債０－２年ラダー（為替ヘッジなし）,上場Ｔｒ米債０２ラダ
2094,東証ＲＥＩＴインバースＥＴＦ,ＲＥＩＴインバース
2095,グローバルＸ　Ｓ＆Ｐ５００配当貴族　ＥＴＦ（為替ヘッジあり）,ＧＸＵＳ配当貴族ヘ
2096,グローバルＸ　オフィス・Ｊ－ＲＥＩＴ　ＥＴＦ,ＧＸオフィスＪリート
2097,グローバルＸ　レジデンシャル・Ｊ－ＲＥＩＴ　ＥＴＦ,ＧＸ住宅Ｊリート
2098,グローバルＸ　ホテル＆リテール・Ｊ－ＲＥＩＴ　ＥＴＦ,ＧＸホテリテＪリート
2108,日本甜菜製糖,甜菜糖
2109,ＤＭ三井製糖,ＤＭ三井製糖
2112,塩水港精糖,塩水糖
2114,フジ日本,フジ日本
2117,ウェルネオシュガー,ウェルネオシュガー
2120,ＬＩＦＵＬＬ,ＬＩＦＵＬＬ
2121,ＭＩＸＩ,ＭＩＸＩ
2122,インタースペース,Ｉスペース
2124,ジェイエイシーリクルートメント,ＪＡＣ
2127,日本Ｍ＆Ａセンターホールディングス,日本Ｍ＆Ａ
2130,メンバーズ,メンバーズ
2134,北浜キャピタルパートナーズ,キタハマキャピタル
2136,ヒップ,ヒップ
2138,クルーズ,クルーズ
2139,中広,中広
2146,ＵＴグループ,ＵＴグループ
2148,アイティメディア,ＩＴＭ
2150,ケアネット,ケアネット
2152,幼児活動研究会,幼児活動研究会
2153,Ｅ・Ｊホールディングス,イージェイＨＤ
2154,オープンアップグループ,オープンアップＧ
2156,セーラー広告,セーラー広告
2157,コシダカホールディングス,コシダカＨＤ
2158,ＦＲＯＮＴＥＯ,Ｇ－ＦＲＯＮＴＥＯ
2160,ジーエヌアイグループ,Ｇ－ＧＮＩ
2162,ｎｍｓ　ホールディングス,ｎｍｓ　ＨＤ
2163,アルトナー,アルトナー
2164,地域新聞社,地域新聞社
2168,パソナグループ,パソナグループ
2169,ＣＤＳ,ＣＤＳ
2170,リンクアンドモチベーション,ＬＩＮＫ＆Ｍ
2173,博展,Ｇ－博展
2175,エス・エム・エス,ＳＭＳ
2179,成学社,成学社
2180,サニーサイドアップグループ,サニーサイドアップ
2181,パーソルホールディングス,パーソルＨＤ
2183,リニカル,リニカル
2185,シイエム・シイ,シイエム・シイ
2186,ソーバル,ソーバル
2193,クックパッド,ＣＯＯＫＰＡＤ
2195,アミタホールディングス,Ｇ－アミタＨＤ
2196,エスクリ,エスクリ
2198,アイ・ケイ・ケイホールディングス,アイ・ケイ・ケイＨＤ
2201,森永製菓,森永菓
2204,中村屋,中村屋
2206,江崎グリコ,グリコ
2207,ｍｅｉｔｏ,ｍｅｉｔｏ
2208,ブルボン,ブルボン
2209,井村屋グループ,井村屋Ｇ
2211,不二家,不二家
2212,山崎製パン,山崎パン
2215,第一屋製パン,第一パン
2216,カンロ,カンロ
2217,モロゾフ,モロゾフ
2220,亀田製菓,亀田菓
2221,岩塚製菓,岩塚製菓
2222,寿スピリッツ,寿スピリッツ
2224,コモ,コモ
2226,湖池屋,湖池屋
2229,カルビー,カルビー
2235,上場インデックスファンド米国株式（ダウ平均）為替ヘッジなし,上場ダウヘッジなし
2236,グローバルＸ　Ｓ＆Ｐ５００配当貴族ＥＴＦ,ＧＸＵＳ配当貴族
2237,ｉＦｒｅｅＥＴＦ　Ｓ＆Ｐ５００レバレッジ,ｉＦＳＰ５００ダブル
2238,ｉＦｒｅｅＥＴＦ　Ｓ＆Ｐ５００インバース,ｉＦＳＰ５００ベア
2239,上場インデックスファンドＳ＆Ｐ５００先物レバレッジ２倍,上場Ｓ＆Ｐレバ２倍
2240,上場インデックスファンドＳ＆Ｐ５００先物インバース,上場Ｓ＆Ｐインバース
2241,ＭＡＸＩＳ　ＮＹダウ上場投信,ＭＸＳダウ
2242,ＭＡＸＩＳ　ＮＹダウ上場投信（為替ヘッジあり）,ＭＸＳダウヘ有
2243,グローバルＸ　半導体　ＥＴＦ,ＧＸ半導体
2244,グローバルＸ　ＵＳ　テック・トップ２０　ＥＴＦ,ＧＸＵＳテック２０
2245,ＮＥＸＴ　ＦＵＮＤＳ　ブルームバーグ・ドイツ国債（７－１０年）インデックス（為替ヘッジあり）連動型上場投信,独債７－１０ヘッジ有
2246,ＮＥＸＴ　ＦＵＮＤＳ　ブルームバーグ・フランス国債（７－１０年）インデックス（為替ヘッジあり）連動型上場投信,仏債７－１０ヘッジ有
2247,ｉＦｒｅｅＥＴＦ　Ｓ＆Ｐ５００（為替ヘッジなし）,ｉＦＳＰ５００Ｈ無
2248,ｉＦｒｅｅＥＴＦ　Ｓ＆Ｐ５００（為替ヘッジあり）,ｉＦＳＰ５００Ｈ有
2249,ｉＦｒｅｅＥＴＦ　Ｓ＆Ｐ５００ダブルインバース,ｉＦＳＰ５００Ｗベア
2250,ｉシェアーズ　ＭＳＣＩ　ジャパン気候変動アクション　ＥＴＦ,ｉＳＭＳＣＩ日株気候
2251,ＮＥＸＴ　ＦＵＮＤＳ　ＪＰＸ国債先物ダブルインバース指数連動型上場投信,ＪＧＢダブルインバ
2252,グローバルＸ　Ｍｏｒｎｉｎｇｓｔａｒ　米国中小型　Ｍｏａｔ　ＥＴＦ,ＧＸＵＳ中小モート
2253,グローバルＸ　スーパーディビィデンド－ＵＳ　ＥＴＦ,ＧＸＵＳスーパーＤ
2254,グローバルＸ　チャイナＥＶ＆バッテリー　ＥＴＦ,ＧＸ中国ＥＶバッテリ
2255,ｉシェアーズ　米国債２０年超　ＥＴＦ,ｉＳ米国債二十
2256,ｉシェアーズ　米国総合債券　ＥＴＦ,ｉＳ米国総合債券
2257,ｉシェアーズ　米ドル建て投資適格社債　ＥＴＦ,ｉＳ＄ＩＧ社債
2258,ｉシェアーズ　米ドル建てハイイールド社債　ＥＴＦ,ｉＳ＄ＨＹ社債
2259,ｉシェアーズ　フランス国債７－１０年　ＥＴＦ（為替ヘッジあり）,ｉＳフランス国債ヘジ
2264,森永乳業,森永乳
2266,六甲バター,六甲バター
2267,ヤクルト本社,ヤクルト
2268,Ｂ－Ｒ　サーティワン　アイスクリーム,サーティワン
2269,明治ホールディングス,明治ＨＤ
2270,雪印メグミルク,雪印メグ
2281,プリマハム,プリマハム
2282,日本ハム,日ハム
2286,林兼産業,林兼産
2288,丸大食品,丸大食
2291,福留ハム,福留ハム
2292,Ｓ　Ｆｏｏｄｓ,Ｓ　ＦＯＯＤＳ
2293,滝沢ハム,滝沢ハム
2294,柿安本店,柿安本店
2296,伊藤ハム米久ホールディングス,伊藤ハム米久ＨＤ
2300,きょくとう,きょくと
2301,学情,学情
2303,ドーン,ドーン
2304,ＣＳＳホールディングス,ＣＳＳＨＤ
2305,スタジオアリス,スタジオアリス
2307,クロスキャット,クロスキャット
2311,エプコ,エプコ
2315,ＣＡＩＣＡ　ＤＩＧＩＴＡＬ,ＣＡＩＣＡ　Ｄ
2317,システナ,システナ
2321,ソフトフロントホールディングス,Ｇ－ソフトフロントＨ
2323,ｆｏｎｆｕｎ,ｆｏｎｆｕｎ
2325,ＮＪＳ,ＮＪＳ
2326,デジタルアーツ,デジアーツ
2327,日鉄ソリューションズ,ＮＳＳＯＬ
2329,東北新社,東北新社
2330,フォーサイド,フォーサイド
2331,ＡＬＳＯＫ,ＡＬＳＯＫ
2332,クエスト,クエスト
2334,イオレ,Ｇ－イオレ
2335,キューブシステム,キューブシステム
2337,いちご,いちご
2338,クオンタムソリューションズ,クオンタムＳ
2340,極楽湯ホールディングス,極楽湯ＨＤ
2341,アルバイトタイムス,アルバイトタイ
2342,トランスジェニックグループ,トランスジェニックＧ
2344,平安レイサービス,平安レイ
2345,ＨＯＤＬ１,ＨＯＤＬ１
2349,エヌアイデイ,エヌアイデイ
2351,ＡＳＪ,ＡＳＪ
2353,日本駐車場開発,日駐
2354,ＹＥ　ＤＩＧＩＴＡＬ,ＹＥ　ＤＩＧＩＴＡＬ
2359,コア,コア
2370,メディネット,Ｇ－ＭＤＮＴ
2371,カカクコム,カカクコム
2373,ケア２１,ケア２１
2374,セントケア・ホールディング,セントケアＨＤ
2375,ギグワークス,ギグワークス
2376,サイネックス,サイネックス
2378,ルネサンス,ルネサンス
2379,ディップ,ディップ
2384,ＳＢＳホールディングス,ＳＢＳＨＤ
2385,総医研ホールディングス,Ｇ－総医研
2388,ウェッジホールディングス,Ｇ－ウェッジＨＤ
2389,デジタルホールディングス,デジタルＨＤ
2391,プラネット,プラネット
2393,日本ケアサプライ,日本ケア
2395,新日本科学,新日科学
2404,鉄人化ホールディングス,鉄人化ＨＤ
2408,ＫＧ情報,ＫＧ情報
2410,キャリアデザインセンター,キャリアＤＣ
2411,ゲンダイエージェンシー,ゲンダイＡＧ
2413,エムスリー,エムスリー
2415,ヒューマンホールディングス,ヒューマンＨＤ
2418,ツカダ・グローバルホールディング,ツカダグローバルＨＤ
2424,ブラス,ブラス
2425,ケアサービス,ケアサービス
2428,ウェルネット,ウェルネット
2429,ワールドホールディングス,ワールドＨＤ
2432,ディー・エヌ・エー,ディーエヌエー
2433,博報堂ＤＹホールディングス,博報堂ＤＹ
2435,シダー,シダー
2436,共同ピーアール,共同ＰＲ
2437,Ｓｈｉｎｗａ　Ｗｉｓｅ　Ｈｏｌｄｉｎｇｓ,シンワワイズ
2438,アスカネット,Ｇ－アスカネット
2440,ぐるなび,ぐるなび
2445,タカミヤ,タカミヤ
2449,プラップジャパン,プラップＪ
2452,コンピュータマインド,Ｐ－ＣＭＩＮＤ
2454,オールアバウト,オールアバウト
2459,アウンコンサルティング,アウン
2461,ファンコミュニケーションズ,ファンコミ
2462,ライク,ライク
2464,Ａｏｂａ‐ＢＢＴ,Ａｏｂａ‐ＢＢＴ
2469,ヒビノ,ヒビノ
2471,エスプール,エスプール
2475,ＷＤＢホールディングス,ＷＤＢ
2477,手間いらず,手間いらず
2479,ジェイテック,ジェイテック
2480,システム・ロケーション,シスロケ
2481,タウンニュース社,タウンニュース
2483,翻訳センター,翻訳センター
2484,出前館,出前館
2485,ティア,ティア
2488,ＪＴＰ,ＪＴＰ
2489,アドウェイズ,ＡＤＷＡＹＳ
2491,バリューコマース,Ｖコマース
2492,インフォマート,インフォマート
2493,イーサポートリンク,イーサポート
2497,ユナイテッド,Ｇ－ＵＮＩＴＥＤ
2498,オリエンタルコンサルタンツホールディングス,オリコンＨＤ
2499,日本和装ホールディングス,日本和装
2501,サッポロビール,サッポロビール
2502,アサヒグループホールディングス,アサヒ
2503,キリンホールディングス,キリンＨＤ
2510,ＮＥＸＴ　ＦＵＮＤＳ　国内債券・ＮＯＭＵＲＡ－ＢＰＩ総合連動型上場投信,ＮＦ国内債券
2511,ＮＥＸＴ　ＦＵＮＤＳ　外国債券・ＦＴＳＥ世界国債インデックス（除く日本・為替ヘッジなし）連動型上場投信,ＮＦ外債ヘッジ無
2512,ＮＥＸＴ　ＦＵＮＤＳ　外国債券・ＦＴＳＥ世界国債インデックス（除く日本・為替ヘッジあり）連動型上場投信,ＮＦ外債ヘッジ有
2513,ＮＥＸＴ　ＦＵＮＤＳ　外国株式・ＭＳＣＩ－ＫＯＫＵＳＡＩ指数（為替ヘッジなし）連動型上場投信,ＮＦ外株ヘッジ無
2514,ＮＥＸＴ　ＦＵＮＤＳ　外国株式・ＭＳＣＩ－ＫＯＫＵＳＡＩ指数（為替ヘッジあり）連動型上場投信,ＮＦ外株ヘッジ有
2515,ＮＥＸＴ　ＦＵＮＤＳ　外国ＲＥＩＴ・Ｓ＆Ｐ先進国ＲＥＩＴ指数（除く日本・為替ヘッジなし）連動型上場投信,ＮＦ外ＲＥＩＴヘ無
2516,東証グロース２５０ＥＴＦ,東証グロース２５０
2517,ＭＡＸＩＳ　Ｊリート・コア上場投信,ＭＸＳＪリートコア
2518,ＮＥＸＴ　ＦＵＮＤＳ　ＭＳＣＩ日本株女性活躍指数（セレクト）連動型上場投信,ＮＦ日本株女性活躍
2519,ＮＥＸＴ　ＦＵＮＤＳ　新興国債券・Ｊ．Ｐ．モルガン・エマージング・マーケット・ボンド・インデックス・プラス（為替ヘッジなし）連動型上場投信,ＮＦ新興国債券ヘ無
2520,ＮＥＸＴ　ＦＵＮＤＳ　新興国株式・ＭＳＣＩエマージング・マーケット・インデックス（為替ヘッジなし）連動型上場投信,ＮＦ新興国株式ヘ無
2521,上場インデックスファンド米国株式（Ｓ＆Ｐ５００）為替ヘッジあり,上場米国ヘッジあり
2522,ｉシェアーズ　オートメーション　＆　ロボット　ＥＴＦ,ｉＳロボット
2523,ＭＡＸＩＳトピックス（除く金融）上場投信,ＭＸＳトピ除く金融
2524,ＮＺＡＭ　上場投信　ＴＯＰＩＸ,ＮＺＡＭ　ＴＰＸ
2525,ＮＺＡＭ　上場投信　日経２２５,ＮＺＡＭ　２２５
2526,ＮＺＡＭ　上場投信　ＪＰＸ日経４００,ＮＺＡＭ　４００
2527,ＮＺＡＭ　上場投信　東証ＲＥＩＴ　Ｃｏｒｅ指数,ＮＺＡＭＪリートコア
2528,ｉＦｒｅｅＥＴＦ　東証ＲＥＩＴ　Ｃｏｒｅ指数,ｉＦＪリートコア
2529,ＮＥＸＴ　ＦＵＮＤＳ　野村株主還元７０連動型上場投信,ＮＦ株主還元７０
2530,ＭＡＸＩＳ　ＨｕａＡｎ中国株式（上海１８０Ａ株）上場投信,ＭＸＳ中国Ａ株１８０
2531,宝ホールディングス,宝ＨＬＤ
2533,オエノンホールディングス,オエノンＨＤ
2540,養命酒製造,養命酒
2552,上場インデックスファンドＪリート（東証ＲＥＩＴ指数）隔月分配型（ミニ）,上場ＪリートＭ
2553,Ｏｎｅ　ＥＴＦ　南方　中国Ａ株　ＣＳＩ５００,Ｏｎｅ・ＣＳＩ５００
2554,ＮＥＸＴ　ＦＵＮＤＳ　ブルームバーグ米国投資適格社債（１－１０年）インデックス（為替ヘッジあり）連動型上場投信,ＮＦ米社債ヘ有
2555,東証ＲＥＩＴ　ＥＴＦ,東証ＲＥＩＴ－ＥＴＦ
2556,Ｏｎｅ　ＥＴＦ　東証ＲＥＩＴ指数,Ｏｎｅ・Ｊリート
2557,ＳＭＤＡＭ　トピックス上場投信,ＳＭＤＡＭトピックス
2558,ＭＡＸＩＳ米国株式（Ｓ＆Ｐ５００）上場投信,ＭＸＳ米株ＳＰ５００
2559,ＭＡＸＩＳ全世界株式（オール・カントリー）上場投信,ＭＸＳ全世界株式
2560,ＭＡＸＩＳカーボン・エフィシェント日本株上場投信,ＭＸＳカーボン日本株
2561,ｉシェアーズ・コア　日本国債　ＥＴＦ,ｉＳ日本国債
2562,上場インデックスファンド米国株式（ダウ平均）為替ヘッジあり,上場ダウヘッジあり
2563,ｉシェアーズ　Ｓ＆Ｐ　５００　米国株　ＥＴＦ（為替ヘッジあり）,ｉＳＳＰ５百米株ヘジ
2564,グローバルＸ　ＭＳＣＩスーパーディビィデンド－日本株式　ＥＴＦ,ＧＸスーパーディビ
2565,グローバルＸ　ロジスティクス・Ｊ－ＲＥＩＴ　ＥＴＦ,ＧＸロジＪリート
2566,上場インデックスファンド日経ＥＳＧリート,上場ＥＳＧリート
2567,ＮＺＡＭ　上場投信　Ｓ＆Ｐ／ＪＰＸカーボン・エフィシェント指数,ＮＺＡＭ　カーボン
2568,上場インデックスファンド米国株式（ＮＡＳＤＡＱ１００）為替ヘッジなし,上場ＮＳＱ１００ヘ無
2569,上場インデックスファンド米国株式（ＮＡＳＤＡＱ１００）為替ヘッジあり,上場ＮＳＱ１００ヘ有
2573,北海道コカ・コーラボトリング,北海コカ
2579,コカ・コーラ　ボトラーズジャパンホールディングス,コカ・コーラＢＪＨ
2585,ライフドリンク　カンパニー,ライフドリンクＣ
2586,フルッタフルッタ,Ｇ－フルッタフルッタ
2587,サントリービバレッジ＆フード,サントリーＢＦ
2588,プレミアムウォーターホールディングス,プレミアムウォーター
2590,ダイドーグループホールディングス,ＤｙＤｏ
2593,伊藤園,伊藤園
2594,キーコーヒー,キーコーヒー
2597,ユニカフェ,ユニカフェ
2602,日清オイリオグループ,日清オイリオ
2607,不二製油,不二製油
2612,かどや製油,かどや製油
2613,Ｊ－オイルミルズ,Ｊオイル
2620,ｉシェアーズ　米国債１－３年　ＥＴＦ,ｉＳ米国債一三
2621,ｉシェアーズ　米国債２０年超　ＥＴＦ（為替ヘッジあり）,ｉＳ米国債二十へジ
2622,ｉシェアーズ　米ドル建て新興国債券　ＥＴＦ（為替ヘッジあり）,ｉＳ新興国債券へジ
2623,ｉシェアーズ　ユーロ建て投資適格社債　ＥＴＦ（為替ヘッジあり）,ｉＳユロＩＧ社債ヘジ
2624,ｉＦｒｅｅＥＴＦ　日経２２５（年４回決算型）,ｉＦ２２５年４
2625,ｉＦｒｅｅＥＴＦ　ＴＯＰＩＸ（年４回決算型）,ｉＦＴＰＸ年４
2626,グローバルＸ　デジタル・イノベーション－日本株式　ＥＴＦ,ＧＸデジタル日株
2627,グローバルＸ　ｅコマース－日本株式　ＥＴＦ,ＧＸｅコマース日株
2628,ｉＦｒｅｅＥＴＦ　中国科創板５０（ＳＴＡＲ５０）,ｉＦ中国科創板５０
2629,ｉＦｒｅｅＥＴＦ　中国グレーターベイエリア・イノベーション１００（ＧＢＡ１００）,ｉＦ中国ＧＢＡ１００
2630,ＭＡＸＩＳ米国株式（Ｓ＆Ｐ５００）上場投信（為替ヘッジあり）,ＭＸＳ米株ＳＰ５ヘ有
2631,ＭＡＸＩＳナスダック１００上場投信,ＭＸＳナス１００
2632,ＭＡＸＩＳナスダック１００上場投信（為替ヘッジあり）,ＭＸＳナス１００ヘ有
2633,ＮＥＸＴ　ＦＵＮＤＳ　Ｓ＆Ｐ　５００　指数（為替ヘッジなし）連動型上場投信,Ｓ＆Ｐ５００ヘッジ無
2634,ＮＥＸＴ　ＦＵＮＤＳ　Ｓ＆Ｐ　５００　指数（為替ヘッジあり）連動型上場投信,Ｓ＆Ｐ５００ヘッジ有
2635,ＮＥＸＴ　ＦＵＮＤＳ　Ｓ＆Ｐ　５００スコアリング＆スクリーニング指数連動型上場投信,Ｓ＆Ｐ５００スコア
2636,グローバルＸ　ＭＳＣＩ　ガバナンス・クオリティ－日本株式　ＥＴＦ,ＧＸガバナンス日株
2637,グローバルＸ　クリーンテック－日本株式　ＥＴＦ,ＧＸクリーン日株
2638,グローバルＸ　ロボティクス＆ＡＩ－日本株式　ＥＴＦ,ＧＸロボ＆ＡＩ日株
2639,グローバルＸ　バイオ＆メドテック－日本株式　ＥＴＦ,ＧＸバイオ＆メド日株
2640,グローバルＸ　ゲーム＆アニメ－日本株式　ＥＴＦ,ＧＸゲームアニメ日株
2641,グローバルＸ　グローバルリーダーズ－日本株式　ＥＴＦ,ＧＸＧリーダーズ日株
2642,ＳＭＴ　ＥＴＦカーボン・エフィシェント日本株,ＳＭＴ低炭素日本株
2643,ＮＥＸＴ　ＦＵＮＤＳ　ＭＳＣＩジャパンカントリー指数（セレクト）連動型上場投信,日本株セレクトＥＴＦ
2644,グローバルＸ　半導体関連－日本株式　ＥＴＦ,ＧＸ半導体日株
2645,グローバルＸ　レジャー＆エンターテインメント－日本株式　ＥＴＦ,ＧＸレジ＆エンタ日株
2646,グローバルＸ　メタルビジネス－日本株式　ＥＴＦ,ＧＸメタルビジ日株
2647,ＮＥＸＴ　ＦＵＮＤＳ　ブルームバーグ米国国債（７－１０年）インデックス（為替ヘッジなし）連動型上場投信,米債７－１０ヘッジ無
2648,ＮＥＸＴ　ＦＵＮＤＳ　ブルームバーグ米国国債（７－１０年）インデックス（為替ヘッジあり）連動型上場投信,米債７－１０ヘッジ有
2649,ｉシェアーズ　米国政府系機関ジニーメイＭＢＳ　ＥＴＦ（為替ヘッジあり）,ｉＳＧＮＭＡ債ヘジ
2652,まんだらけ,まんだらけ
2653,イオン九州,イオン九州
2654,アスモ,アスモ
2656,ベクターホールディングス,ベクターＨＤ
2659,サンエー,サンエー
2664,カワチ薬品,カワチ薬品
2666,オートウェーブ,オートウェーブ
2667,イメージ　ワン,イメージワン
2668,タビオ,タビオ
2669,カネ美食品,カネ美食品
2670,エービーシー・マート,ＡＢＣマート
2673,夢みつけ隊,夢みつけ隊
2674,ハードオフコーポレーション,ハードオフ
2676,高千穂交易,高千穂交
2678,アスクル,アスクル
2681,ゲオホールディングス,ゲオＨＤ
2683,魚喜,魚喜
2685,アンドエスティＨＤ,アンドエスティＨＤ
2686,ジーフット,ジーフット
2687,シー・ヴイ・エス・ベイエリア,ＣＶＳベイ
2689,オルバヘルスケアホールディングス,オルバヘルスケアＨＤ
2692,伊藤忠食品,伊藤忠食
2693,ＹＫＴ,ＹＫＴ
2694,焼肉坂井ホールディングス,焼肉坂井ＨＤ
2695,くら寿司,くら寿司
2698,キャンドゥ,キャンドゥ
2700,木徳神糧,木徳神糧
2702,日本マクドナルドホールディングス,マクドナルド
2705,大戸屋ホールディングス,大戸屋ＨＤ
2708,久世,久世
2721,ジェイホールディングス,ＪＨＤ
2722,ＩＫホールディングス,ＩＫホールディングス
2726,パルグループホールディングス,パルグループＨＤ
2730,エディオン,エディオン
2733,あらた,あらた
2734,サーラコーポレーション,サーラ
2735,ワッツ,ワッツ
2736,フェスタリアホールディングス,フェスタリアＨＤ
2737,トーメンデバイス,トーメンデバ
2742,ハローズ,ハローズ
2743,ピクセルカンパニーズ,ピクセル
2747,北雄ラッキー,北雄ラッキー
2749,ＪＰホールディングス,ＪＰＨＤ
2750,石光商事,石光商事
2751,テンポスホールディングス,テンポスＨＤ
2752,フジオフードグループ本社,フジオフードＧ本社
2753,あみやき亭,あみやき
2760,東京エレクトロン　デバイス,東エレデバ
2762,ＳＡＮＫＯ　ＭＡＲＫＥＴＩＮＧ　ＦＯＯＤＳ,ＳＡＮＫＯ　ＭＦ
2763,エフティグループ,エフティグループ
2764,ひらまつ,ひらまつ
2767,円谷フィールズホールディングス,円谷フィールズＨＤ
2768,双日,双日
2769,ヴィレッジヴァンガードコーポレーション,ヴィレッジＶ
2776,新都ホールディングス,新都ＨＤ
2778,パレモ・ホールディングス,パレモ・ＨＤ
2780,コメ兵ホールディングス,コメ兵ＨＤ
2782,セリア,セリア
2784,アルフレッサ　ホールディングス,アルフレッサＨＤ
2788,アップルインターナショナル,アップル
2789,カルラ,カルラ
2790,ナフコ,ナフコ
2791,大黒天物産,大黒天
2792,ハニーズホールディングス,ハニーズＨＬＤ
2795,日本プリメックス,プリメックス
2796,ファーマライズホールディングス,ファーマライズＨＤ
2798,ワイズテーブルコーポレーション,Ｙ’ｓ
2801,キッコーマン,キッコマン
2802,味の素,味の素
2804,ブルドックソース,ブルドックソース
2805,ヱスビー食品,エスビー食
2806,ユタカフーズ,ユタカフーズ
2809,キユーピー,キユーピー
2810,ハウス食品グループ本社,ハウス食Ｇ
2811,カゴメ,カゴメ
2813,和弘食品,和弘食品
2814,佐藤食品工業,佐藤食品
2815,アリアケジャパン,アリアケ
2816,ダイショー,ダイショー
2818,ピエトロ,ピエトロ
2819,エバラ食品工業,エバラ食品工業
2820,やまみ,やまみ
2830,アヲハタ,アヲハタ
2831,はごろもフーズ,はごろも
2836,グローバルＸ　フィンテック－日本株式　ＥＴＦ,ＧＸフィンテック日株
2837,グローバルＸ　中小型リーダーズ－日本株式　ＥＴＦ,ＧＸ中小リーダー日株
2838,ＭＡＸＩＳ米国国債７－１０年上場投信（為替ヘッジなし）,ＭＸ米債７－１０ヘ無
2839,ＭＡＸＩＳ米国国債７－１０年上場投信（為替ヘッジあり）,ＭＸ米債７－１０ヘ有
2840,ｉＦｒｅｅＥＴＦ　ＮＡＳＤＡＱ１００（為替ヘッジなし）,ｉＦナス１００Ｈ無
2841,ｉＦｒｅｅＥＴＦ　ＮＡＳＤＡＱ１００（為替ヘッジあり）,ｉＦナス１００Ｈ有
2842,ｉＦｒｅｅＥＴＦ　ＮＡＳＤＡＱ１００インバース,ｉＦナス１００ベア
2843,上場インデックスファンド豪州国債（為替ヘッジあり）,上場豪債ヘッジあり
2844,上場インデックスファンド豪州国債（為替ヘッジなし）,上場豪債ヘッジなし
2845,ＮＥＸＴ　ＦＵＮＤＳ　ＮＡＳＤＡＱ－１００（為替ヘッジあり）連動型上場投信,ナスダックヘッジ有
2846,ＮＥＸＴ　ＦＵＮＤＳ　ダウ・ジョーンズ工業株３０種平均株価（為替ヘッジあり）連動型上場投信,ダウヘッジ有
2847,グローバルＸ　新成長インフラ－日本株式　ＥＴＦ,ＧＸ成長インフラ日株
2848,グローバルＸ　ＭＳＣＩ　気候変動対応－日本株式　ＥＴＦ,ＧＸ気候変動日株
2849,グローバルＸ　Ｍｏｒｎｉｎｇｓｔａｒ　高配当　ＥＳＧ－日本株式　ＥＴＦ,ＧＸ高配当ＥＳＧ日株
2851,ｉシェアーズ　ＭＳＣＩ　ジャパンＳＲＩ　ＥＴＦ,ｉＳＭＳＣＩＪＳＲＩ
2852,ｉシェアーズ　グリーンＪリート　ＥＴＦ,ｉＳグリーンＪリート
2853,ｉシェアーズ　気候リスク調整世界国債　ＥＴＦ（除く日本・為替ヘッジあり）,ｉＳ気候外国債券ヘジ
2854,グローバルＸ　テック・トップ２０－日本株式　ＥＴＦ,ＧＸテック２０日株
2855,グローバルＸ　グリーン・Ｊ－ＲＥＩＴ　ＥＴＦ,ＧＸグリＪリート
2856,ｉシェアーズ　米国債３－７年　ＥＴＦ（為替ヘッジあり）,ｉＳ米国債三七ヘジ
2857,ｉシェアーズ　ドイツ国債　ＥＴＦ（為替ヘッジあり）,ｉＳドイツ国債ヘジ
2858,グローバルＸ　日経２２５　カバード・コール　ＥＴＦ（プレミアム再投資型）,ＧＸ日経カバコ
2859,ＮＥＸＴ　ＦＵＮＤＳ　ユーロ・ストックス５０指数（為替ヘッジあり）連動型上場投信,ＳＴＯＸＸヘッジ有
2860,ＮＥＸＴ　ＦＵＮＤＳ　ドイツ株式・ＤＡＸ（為替ヘッジあり）連動型上場投信,ＤＡＸヘッジ有
2861,上場インデックスファンドフランス国債（為替ヘッジなし）,上場フランス国債Ｈ無
2862,上場インデックスファンドフランス国債（為替ヘッジあり）,上場フランス国債Ｈ有
2863,ＮＥＸＴ　ＦＵＮＤＳ　Ｓ＆Ｐ米国株式・債券バランス保守型指数（為替ヘッジあり）連動型上場投信,米バラ保守ヘッジ有
2864,グローバルＸ　ロジスティクス・ＲＥＩＴ　ＥＴＦ,ＧＸロジリート
2865,グローバルＸ　ＮＡＳＤＡＱ１００・カバード・コール　ＥＴＦ,ＧＸＮＤＸカバコ
2866,グローバルＸ　米国優先証券　ＥＴＦ,ＧＸ優先証券
2867,グローバルＸ　自動運転＆ＥＶ　ＥＴＦ,ＧＸ自動ＥＶ
2868,グローバルＸ　Ｓ＆Ｐ５００・カバード・コール　ＥＴＦ,ＧＸＳＰＸカバコ
2869,ｉＦｒｅｅＥＴＦ　ＮＡＳＤＡＱ１００レバレッジ,ｉＦナス１００ダブル
2870,ｉＦｒｅｅＥＴＦ　ＮＡＳＤＡＱ１００ダブルインバース,ｉＦナス１００Ｗベア
2871,ニチレイ,ニチレイ
2872,セイヒョー,セイヒョー
2874,横浜冷凍,ヨコレイ
2875,東洋水産,東洋水産
2876,デルソーレ,デルソーレ
2877,日東ベスト,日東ベスト
2882,イートアンドホールディングス,イートアンドＨＤ
2883,大冷,大冷
2884,ヨシムラ・フード・ホールディングス,ヨシムラ・Ｆ・ＨＤ
2892,日本食品化工,日食化
2894,石井食品,石井食
2897,日清食品ホールディングス,日清食ＨＤ
2901,ウェルディッシュ,ウェルディッシュ
2903,シノブフーズ,シノブフーズ
2904,一正蒲鉾,一正蒲鉾
2907,あじかん,あじかん
2908,フジッコ,フジッコ
2910,ロック・フィールド,ロックフィルド
2911,旭松食品,旭松食品
2914,日本たばこ産業,ＪＴ
2915,ケンコーマヨネーズ,ケンコーマヨ
2916,仙波糖化工業,仙波糖化
2917,大森屋,大森屋
2918,わらべや日洋ホールディングス,わらべや
2922,なとり,なとり
2923,サトウ食品,サトウ食品
2924,イフジ産業,イフジ産業
2926,篠崎屋,篠崎屋
2927,ＡＦＣ－ＨＤアムスライフサイエンス,ＡＦＣ－ＨＤ
2929,ファーマフーズ,ファーマフーズ
2930,北の達人コーポレーション,北の達人
2931,ユーグレナ,ユーグレナ
2932,ＳＴＩフードホールディングス,ＳＴＩフードＨＤ
2933,紀文食品,紀文食品
2934,ジェイフロンティア,Ｇ－Ｊフロンティア
2935,ピックルスホールディングス,ピックルスＨＤ
2936,ベースフード,Ｇ－ベースフード
2937,サンクゼール,Ｇ－サンクゼール
2938,オカムラ食品工業,オカムラ食品工業
2961,日本調理機,日本調理機
2962,テクニスコ,テクニスコ
2970,ＧＬＣ　ＧＲＯＵＰ,ＧＬＣ　ＧＲＯＵＰ
2971,エスコンジャパンリート投資法人,Ｒ－エスコンジャパン
2972,サンケイリアルエステート投資法人,Ｒ－サンケイＲＥ
2975,スター・マイカ・ホールディングス,スター・マイカＨＤ
2978,ツクルバ,Ｇ－ツクルバ
2979,ＳＯＳｉＬＡ物流リート投資法人,Ｒ－ＳＯＳｉＬＡ物流
2980,ＳＲＥホールディングス,ＳＲＥＨＤ
2981,ランディックス,Ｇ－ランディックス
2982,ＡＤワークスグループ,ＡＤワークスグループ
2983,アールプランナー,Ｇ－アールプランナー
2984,ヤマイチエステート,ヤマイチ
2985,ファーストステージ,Ｐ－ファーストステジ
2986,ＬＡホールディングス,Ｇ－ＬＡＨＤ
2989,東海道リート投資法人,Ｒ－東海道リート
2990,アイダ設計,Ｐ－アイダ設計
2991,ランドネット,ランドネット
2992,アーバンライク,Ｐ－アーバンライク
2993,長栄,長栄
2994,アンサーホールディングス,Ｐ－アンサーＨＤ
2995,ジェイレックス・コーポレーション,Ｐ－ジェイレックス
2997,ストレージ王,Ｇ－ストレージ王
2998,クリアル,Ｇ－クリアル
2999,ホームポジション,ホームポジション
3001,片倉工業,片倉
3002,グンゼ,グンゼ
3003,ヒューリック,ヒューリック
3004,神栄,神栄
3010,ポラリス・ホールディングス,ポラリスＨＤ
3011,バナーズ,バナーズ
3020,アプライド,アプライド
3021,パシフィックネット,ＰＣＮＥＴ
3023,ラサ商事,ラサ商事
3024,クリエイト,クリエイト
3028,アルペン,アルペン
3030,ハブ,ハブ
3031,ラクーンホールディングス,ラクーンＨＤ
3034,クオールホールディングス,クオールＨＤ
3035,ケイティケイ,ＫＴＫ
3036,アルコニックス,アルコニックス
3038,神戸物産,神戸物産
3040,ソリトンシステムズ,ソリトンシステムズ
3041,ビューティカダンホールディングス,ビューティカダンＨＤ
3042,セキュアヴェイル,セキュアヴェイル
3045,カワサキ,カワサキ
3046,ジンズホールディングス,ＪＩＮＳＨＤ
3048,ビックカメラ,ビックカメラ
3050,ＤＣＭホールディングス,ＤＣＭ
3053,ペッパーフードサービス,ペッパー
3054,ハイパー,ハイパー
3058,三洋堂ホールディングス,三洋堂ＨＤ
3059,ヒラキ,ヒラキ
3063,ジェイグループホールディングス,Ｇ－ｊＧｒｏｕｐ
3064,ＭｏｎｏｔａＲＯ,ＭＲＯ
3065,ライフフーズ,ライフフーズ
3067,東京一番フーズ,東京一番フーズ
3068,ＷＤＩ,ＷＤＩ
3069,ＪＦＬＡホールディングス,ＪＦＬＡＨＤ
3070,ジェリービーンズグループ,Ｇ－ジェリービーンズ
3071,ストリーム,ストリーム
3073,ＤＤグループ,ＤＤグループ
3075,銚子丸,銚子丸
3076,あい　ホールディングス,あいＨＤ
3077,ホリイフードサービス,ホリイフード
3079,ディーブイエックス,ＤＶｘ
3080,ジェーソン,ジェーソン
3082,きちりホールディングス,きちりＨＤ
3083,スターシーズ,スターシーズ
3086,Ｊ．フロント　リテイリング,Ｊフロント
3087,ドトール・日レスホールディングス,ドトル日レス
3088,マツキヨココカラ＆カンパニー,マツキヨココカラ
3089,テクノアルファ,テクノアルファ
3091,ブロンコビリー,ブロンコＢ
3092,ＺＯＺＯ,ＺＯＺＯ
3093,トレジャー・ファクトリー,トレファク
3094,スーパーバリュー,スーパーＶ
3096,オーシャンシステム,オーシャン
3097,物語コーポレーション,物語コーポ
3099,三越伊勢丹ホールディングス,ミツコシイセタン
3101,東洋紡,東洋紡
3103,ユニチカ,ユニチカ
3104,富士紡ホールディングス,富士紡ＨＤ
3105,日清紡ホールディングス,日清紡ＨＤ
3106,倉敷紡績,クラボウ
3107,ダイワボウホールディングス,ダイワボＨＤ
3109,シキボウ,シキボウ
3110,日東紡績,日東紡
3111,オーミケンシ,オーミケンシ
3113,ＵＮＩＶＡ・Ｏａｋホールディングス,ＵＮＩＶＡ・Ｏａｋ
3116,トヨタ紡織,トヨタ紡織
3121,マーチャント・バンカーズ,マーチャント
3123,サイボー,サイボー
3131,シンデン・ハイテックス,シンデンハイテク
3132,マクニカホールディングス,マクニカＨＤ
3133,海帆,Ｇ－海帆
3134,Ｈａｍｅｅ,Ｈａｍｅｅ
3135,マーケットエンタープライズ,マーケットエンター
3137,ファンデリー,ファンデリー
3138,富士山マガジンサービス,富士山マガジン
3139,ラクト・ジャパン,ラクト・ジャパン
3140,ＢＲＵＮＯ,Ｇ－ＢＲＵＮＯ
3141,ウエルシアホールディングス,ウエルシアＨＤ
3143,オーウイル,オーウイル
3148,クリエイトＳＤホールディングス,クリエイトＳＤＨ
3150,グリムス,グリムス
3151,バイタルケーエスケー・ホールディングス,バイタルＫＳＫ
3153,八洲電機,八洲電機
3154,メディアスホールディングス,メディアスＨＤ
3156,レスター,レスター
3157,ジオリーブグループ,ジオリーブグループ
3159,丸善ＣＨＩホールディングス,丸善ＣＨＩ
3160,大光,大光
3161,アゼアス,アゼアス
3166,ＯＣＨＩホールディングス,ＯＣＨＩ・ＨＤ
3167,ＴＯＫＡＩホールディングス,ＴＯＫＡＩ　ＨＤ
3168,ＭＥＲＦ,ＭＥＲＦ
3169,ミサワ,ミサワ
3172,ティーライフ,ティーライフ
3173,Ｃｏｍｉｎｉｘ,Ｃｏｍｉｎｉｘ
3174,ハピネス・アンド・ディ,ハピネス＆Ｄ
3175,エー・ピーホールディングス,ＡＰＨＤ
3176,三洋貿易,三洋貿易
3177,ありがとうサービス,ありがとうＳ
3178,チムニー,チムニー
3179,シュッピン,シュッピン
3180,ビューティガレージ,ビューティガレージ
3181,買取王国,買取王国
3182,オイシックス,オイシックス
3183,ウイン・パートナーズ,ウイン・パートナーズ
3184,ＩＣＤＡホールディングス,ＩＣＤＡ・ＨＤ
3185,夢展望,Ｇ－夢展望
3186,ネクステージ,ネクステージ
3187,ミラタップ,Ｇ－ミラタップ
3189,ＡＮＡＰホールディングス,ＡＮＡＰ
3190,ホットマン,ホットマン
3191,ジョイフル本田,ジョイフル本田
3192,白鳩,白鳩
3193,エターナルホスピタリティグループ,エターナルホスピＧ
3195,ジェネレーションパス,ジェネパ
3196,ホットランドホールディングス,ホットランドＨＤ
3197,すかいらーくホールディングス,すかいらーくＨＤ
3198,ＳＦＰホールディングス,ＳＦＰＨＤ
3199,綿半ホールディングス,綿半ホールディングス
3201,日本毛織,ニッケ
3202,ダイトウボウ,ダイトウボウ
3204,トーア紡コーポレーション,トーア紡
3205,ダイドーリミテッド,ダイドー
3221,ヨシックスホールディングス,ヨシックスＨＤ
3222,ユナイテッド・スーパーマーケット・ホールディングス,Ｕ．Ｓ．Ｍ．Ｈ
3223,エスエルディー,エスエルディー
3224,ゼネラル・オイスター,Ｇ－Ｇオイスター
3226,三井不動産アコモデーションファンド投資法人,Ｒ－三井不アコモ
3231,野村不動産ホールディングス,野村不ＨＤ
3232,三重交通グループホールディングス,三重交通ＧＨＤ
3234,森ヒルズリート投資法人,Ｒ－森ヒルズ
3236,プロパスト,プロパスト
3237,イントランス,Ｇ－イントランス
3238,セントラル総合開発,セントラル総
3241,ウィル,ウィル
3242,アーバネットコーポレーション,アーバネット
3245,ディア・ライフ,ディア・ライフ
3246,コーセーアールイー,コーセーアールイー
3248,アールエイジ,アールエイジ
3249,産業ファンド投資法人,Ｒ－産業ファ
3252,地主,地主
3261,グランディーズ,Ｇ－グラン
3266,ファンドクリエーショングループ,ファンドクリＧ
3267,フィル・カンパニー,フィル・カンパニー
3269,アドバンス・レジデンス投資法人,Ｒ－ＡＤＲ
3271,ＴＨＥグローバル社,グロバル社
3276,ＪＰＭＣ,ＪＰＭＣ
3277,サンセイランディック,サンセイランディック
3279,アクティビア・プロパティーズ投資法人,Ｒ－ＡＰＩ
3280,エストラスト,エストラスト
3281,ＧＬＰ投資法人,Ｒ－ＧＬＰ
3282,コンフォリア・レジデンシャル投資法人,Ｒ－コンフォリア
3283,日本プロロジスリート投資法人,Ｒ－プロロジ
3284,フージャースホールディングス,フージャース
3286,トラストホールディングス,トラストＨＤ
3287,星野リゾート・リート投資法人,Ｒ－星野
3288,オープンハウスグループ,オープンハウスＧ
3289,東急不動産ホールディングス,東急不ＨＤ
3290,Ｏｎｅリート投資法人,Ｒ－Ｏｎｅリート
3291,飯田グループホールディングス,飯田ＧＨＤ
3292,イオンリート投資法人,Ｒ－イオンリート
3293,アズマハウス,アズマハウス
3294,イーグランド,イーグランド
3295,ヒューリックリート投資法人,Ｒ－ヒューリックＲＥ
3296,日本リート投資法人,Ｒ－日本リート
3297,東武住販,東武住販
3299,ムゲンエステート,ムゲンエステート
3300,アンビション　ＤＸ　ホールディングス,Ｇ－アンビションＤＸ
3302,帝国繊維,帝繊維
3306,日本製麻,日製麻
3309,積水ハウス・リート投資法人,Ｒ－積水ハウスリート
3315,日本コークス工業,日本コークス
3317,フライングガーデン,フライングＧ
3319,ゴルフダイジェスト・オンライン,ＧＤＯ
3320,クロスプラス,クロスプラス
3321,ミタチ産業,ミタチ
3323,レカム,レカム
3326,ランシステム,ランシステム
3328,ＢＥＥＮＯＳ,ＢＥＥＮＯＳ
3329,東和フードサービス,東和フード
3333,あさひ,あさひ
3341,日本調剤,日本調剤
3347,トラスト,トラスト
3349,コスモス薬品,コスモス薬品
3350,メタプラネット,メタプラネット
3352,バッファロー,バッファロー
3353,メディカル一光グループ,メディ一光Ｇ
3355,クリヤマホールディングス,クリヤマＨＤ
3358,Ｔｒａｉｌｈｅａｄ　Ｇｌｏｂａｌ　Ｈｏｌｄｉｎｇｓ,Ｔｒａｉｌｈｅａｄ
3359,ｃｏｔｔａ,Ｇ－ｃｏｔｔａ
3360,シップヘルスケアホールディングス,シップＨＤ
3361,トーエル,トーエル
3370,フジタコーポレーション,フジタコーポ
3371,ソフトクリエイトホールディングス,ソフトクリエＨＤ
3372,関門海,関門海
3374,内外テック,内外テック
3375,ＺＯＡ,ＺＯＡ
3377,バイク王＆カンパニー,バイク王
3382,セブン＆アイ・ホールディングス,７＆ｉＨＤ
3386,コスモ・バイオ,コスモ・バイオ
3387,クリエイト・レストランツ・ホールディングス,クリレスＨＤ
3388,明治電機工業,明治電機
3391,ツルハホールディングス,ツルハＨＤ
3392,デリカフーズホールディングス,デリカフーズＨＤ
3393,スターティアホールディングス,スターティアＨＤ
3395,サンマルクホールディングス,サンマルクＨＤ
3396,フェリシモ,フェリシモ
3397,トリドールホールディングス,トリドールＨＤ
3399,丸千代山岡家,山岡家
3401,帝人,帝人
3402,東レ,東レ
3405,クラレ,クラレ
3407,旭化成,旭化成
3409,北紡,北紡
3415,ＴＯＫＹＯ　ＢＡＳＥ,トウキョウベース
3416,ピクスタ,ピクスタ
3417,大木ヘルスケアホールディングス,大木ヘルスケア
3418,バルニバービ,Ｇ－バルニバービ
3420,ケー・エフ・シー,ケー・エフ・シー
3421,稲葉製作所,稲葉製作
3422,Ｊ－ＭＡＸ,Ｊ－ＭＡＸ
3423,エスイー,エスイー
3426,アトムリビンテック,アトムリビン
3431,宮地エンジニアリンググループ,宮地エンジ
3433,トーカロ,トーカロ
3434,アルファＣｏ,アルファＣｏ
3435,サンコーテクノ,サンコーテクノ
3436,ＳＵＭＣＯ,ＳＵＭＣＯ
3437,特殊電極,特殊電極
3439,三ツ知,三ツ知
3440,日創グループ,日創グループ
3441,山王,山王
3443,川田テクノロジーズ,川田ＴＥＣＨ
3444,菊池製作所,菊池製作所
3445,ＲＳ　Ｔｅｃｈｎｏｌｏｇｉｅｓ,ＲＳＴＥＣＨ
3446,ジェイテックコーポレーション,ＪＴＥＣＣＯＲＰ
3447,信和,信和
3448,清鋼材,Ｐ－清鋼材
3449,テクノフレックス,テクノフレックス
3450,サトウ産業,Ｐ－サトウ産業
3451,トーセイ・リート投資法人,Ｒ－トーセイ・リート
3452,ビーロット,ビーロット
3454,ファーストブラザーズ,ファーストブラザーズ
3455,ヘルスケア＆メディカル投資法人,Ｒ－ＨＣＭ
3457,Ａｎｄ　Ｄｏホールディングス,Ａｎｄ　Ｄｏ　ＨＬＤ
3459,サムティ・レジデンシャル投資法人,Ｒ－サムティレジ
3461,パルマ,パルマ
3462,野村不動産マスターファンド投資法人,Ｒ－ＮＭＦ
3463,いちごホテルリート投資法人,Ｒ－いちごホテル
3465,ケイアイスター不動産,ケイアイスター不動産
3466,ラサールロジポート投資法人,Ｒ－ラサールロジ
3467,アグレ都市デザイン,アグレ都市デザイン
3468,スターアジア不動産投資法人,Ｒ－スターアジア
3469,デュアルタップ,デュアルタップ
3470,マリモ地方創生リート投資法人,Ｒ－マリモリート
3471,三井不動産ロジスティクスパーク投資法人,Ｒ－三井不ロジパーク
3472,日本ホテル＆レジデンシャル投資法人,Ｒ－日本ホテル＆レジ
3474,Ｇ－ＦＡＣＴＯＲＹ,Ｇ－Ｇ－ＦＡＣ
3475,グッドコムアセット,グッドコムアセット
3476,投資法人みらい,Ｒ－投資法人みらい
3477,フォーライフ,Ｇ－フォーライフ
3479,ＴＫＰ,Ｇ－ＴＫＰ
3480,ジェイ・エス・ビー,ジェイ・エス・ビー
3481,三菱地所物流リート投資法人,Ｒ－三菱地所物流
3482,ロードスターキャピタル,ロードスター
3483,翔栄,Ｐ－翔栄
3484,イノベーションホールディングス,イノベーションＨＤ
3486,グローバル・リンク・マネジメント,グローバルリンクＭ
3487,ＣＲＥロジスティクスファンド投資法人,Ｒ－ＣＲＥロジ
3488,セントラル・リート投資法人,Ｒ－セントラル
3489,フェイスネットワーク,フェイスネットワーク
3490,アズ企画設計,アズ企画設計
3491,ＧＡ　ｔｅｃｈｎｏｌｏｇｉｅｓ,Ｇ－ＧＡ　ＴＥＣＨ
3492,ＭＩＲＡＲＴＨ不動産投資法人,Ｒ－ＭＩＲＡＲＴＨ
3494,マリオン,マリオン
3495,香陵住販,香陵住販
3496,アズーム,アズーム
3497,ＬｅＴｅｃｈ,Ｇ－ＬｅＴｅｃｈ
3498,霞ヶ関キャピタル,霞ヶ関キャピタル
3501,ＳＵＭＩＮＯＥ,ＳＵＭＩＮＯＥ
3512,日本フエルト,日フエルト
3513,イチカワ,イチカワ
3521,テルマー湯ホールディングス,テルマー湯ＨＤ
3524,日東製網,日東網
3526,芦森工業,芦森工
3529,アツギ,アツギ
3536,アクサスホールディングス,アクサスＨＤ
3537,昭栄薬品,昭栄薬品
3538,ウイルプラスホールディングス,ウイルプラスＨＤ
3539,ＪＭホールディングス,ＪＭホールディングス
3540,歯愛メディカル,Ｃｉメディカル
3541,農業総合研究所,Ｇ－農業総合研究所
3542,ベガコーポレーション,Ｇ－ＶＥＧＡ
3543,コメダホールディングス,コメダ
3544,サツドラホールディングス,サツドラＨＤ
3546,アレンザホールディングス,アレンザＨＤ
3547,ユニシアホールディングス,ユニシアＨＤ
3548,バロックジャパンリミテッド,バロック
3549,クスリのアオキホールディングス,クスリのアオキＨＤ
3550,スタジオアタオ,Ｇ－スタジオアタオ
3551,ダイニック,ダイニック
3553,共和レザー,共和レザー
3556,リネットジャパングループ,Ｇ－リネットジャパン
3557,ユナイテッド＆コレクティブ,Ｇ－Ｕ＆Ｃ
3558,ジェイドグループ,Ｇ－ジェイドグループ
3559,ピーバンドットコム,ピーバンドットコム
3560,ほぼ日,ほぼ日
3561,力の源ホールディングス,力の源ＨＤ
3562,Ｎｏ．１,Ｎｏ．１
3563,ＦＯＯＤ　＆　ＬＩＦＥ　ＣＯＭＰＡＮＩＥＳ,Ｆ＆ＬＣ
3565,アセンテック,アセンテック
3566,ユニフォームネクスト,Ｇ－ユニネク
3569,セーレン,セーレン
3571,ソトー,ソトー
3577,東海染工,東海染工
3580,小松マテーレ,小松マテーレ
3583,オーベクス,オーベクス
3591,ワコールホールディングス,ワコールＨＤ
3593,ホギメディカル,ホギメディ
3597,自重堂,自重堂
3598,山喜,山喜
3600,フジックス,フジックス
3607,クラウディアホールディングス,クラウディアＨＤ
3608,ＴＳＩホールディングス,ＴＳＩ　ＨＤ
3611,マツオカコーポレーション,マツオカ
3612,ワールド,ワールド
3622,ネットイヤーグループ,ネットイヤー
3623,ビリングシステム,Ｇ－ＢＳ
3624,アクセルマーク,Ｇ－アクセルＭ
3625,テックファームホールディングス,Ｇ－テックファーム
3626,ＴＩＳＩ,ＴＩＳＩ
3627,テクミラホールディングス,テクミラ
3628,データホライゾン,Ｇ－データＨＲ
3632,グリーホールディングス,グリーＨＤ
3633,ＧＭＯペパボ,ＧＭＯペパボ
3634,ソケッツ,ソケッツ
3635,コーエーテクモホールディングス,コーエーテクモ
3636,三菱総合研究所,三菱総研
3639,ボルテージ,ボルテージ
3640,電算,電算
3641,パピレス,パピレス
3645,メディカルネット,Ｇ－メディカルネット
3646,駅探,駅探
3647,アスリナ,アスリナ
3648,ＡＧＳ,ＡＧＳ
3649,ファインデックス,ファインデックス
3652,ディジタルメディアプロフェッショナル,Ｇ－ＤＭＰ
3653,モルフォ,Ｇ－モルフォ
3655,ブレインパッド,ブレインパッド
3656,ＫＬａｂ,ＫＬａｂ
3657,ポールトゥウィンホールディングス,ポールＨＤ
3659,ネクソン,ネクソン
3660,アイスタイル,アイスタイル
3661,エムアップホールディングス,エムアップＨＤ
3662,エイチームホールディングス,エイチームＨＤ
3663,セルシス,セルシス
3664,ＷＩＺＥ,Ｇ－ＷＩＺＥ
3665,エニグモ,エニグモ
3667,ｅｎｉｓｈ,ｅｎｉｓｈ
3668,コロプラ,コロプラ
3670,協立情報通信,協立情報通信
3671,ソフトマックス,ソフトＭＡＸ
3672,オルトプラス,オルトプラス
3673,ブロードリーフ,ブロドリーフ
3674,オークファン,Ｇ－オークファン
3675,クロス・マーケティンググループ,クロスマーケティング
3676,デジタルハーツホールディングス,デジハＨＤ
3678,メディアドゥ,メディアドゥ
3679,じげん,じげん
3680,ホットリンク,Ｇ－ホットリンク
3681,ブイキューブ,ブイキューブ
3682,エンカレッジ・テクノロジ,エンカレッジ
3683,サイバーリンクス,サイバーリンクス
3686,ディー・エル・イー,ＤＬＥ
3687,フィックスターズ,フィックスターズ
3688,ＣＡＲＴＡ　ＨＯＬＤＩＮＧＳ,ＣＡＲＴＡ　ＨＤ
3690,イルグルム,イルグルム
3691,デジタルプラス,Ｇ－デジタルプラス
3692,ＦＦＲＩセキュリティ,Ｇ－ＦＦＲＩ
3694,オプティム,オプティム
3695,ＧＭＯプロダクトプラットフォーム,Ｇ－ＧＭＯ－ＰＰ
3696,セレス,セレス
3697,ＳＨＩＦＴ,ＳＨＩＦＴ
3698,ＣＲＩ・ミドルウェア,ＣＲＩ・ＭＷ
3708,特種東海製紙,特種東海
3710,ジョルダン,ジョルダン
3712,情報企画,情報企画
3719,ＡＩストーム,ＡＩストーム
3723,日本ファルコム,Ｇ－ファルコム
3726,フォーシーズＨＤ,フォーシーズＨＤ
3727,アプリックス,Ｇ－ＡＰＬＩＸ
3733,ソフトウェア・サービス,ソフトウェアＳ
3741,セック,セック
3744,サイオス,サイオス
3747,インタートレード,インタートレード
3750,ＡＤＲバイオメディカルホールディングス,ＡＤＲバイオメディカ
3753,フライトソリューションズ,フライト
3758,アエリア,アエリア
3760,ケイブ,ケイブ
3762,テクマトリックス,テクマト
3763,プロシップ,プロシップ
3765,ガンホー・オンライン・エンターテイメント,ガンホー
3766,システムズ・デザイン,システムズＤ
3768,リスクモンスター,リスクモンスター
3769,ＧＭＯペイメントゲートウェイ,ＧＭＯＰＧ
3770,ザッパラス,ザッパラス
3771,システムリサーチ,システムリサーチ
3772,ウェルス・マネジメント,ウェルス
3773,アドバンスト・メディア,Ｇ－ＡＭＩ
3774,インターネットイニシアティブ,ＩＩＪ
3776,ブロードバンドタワー,ＢＢタワー
3777,環境フレンドリーホールディングス,Ｇ－環境フレンドリー
3778,さくらインターネット,さくらインターネット
3779,ジェイ・エスコムホールディングス,Ｊ・エスコムＨＤ
3787,テクノマセマティカル,テクノマセマ
3788,ＧＭＯグローバルサイン・ホールディングス,ＧＭＯＧＳＨＤ
3791,ＩＧポート,ＩＧポート
3793,ドリコム,Ｇ－ドリコム
3796,いい生活,いい生活
3798,ＵＬＳグループ,ＵＬＳグループ
3799,キーウェアソリューションズ,キーウェア
3800,ユニリタ,ユニリタ
3802,エコミック,エコミック
3803,イメージ情報開発,Ｇ－イメージ情
3804,システム　ディ,システム　ディ
3807,フィスコ,Ｇ－フィスコ
3810,サイバーステップホールディングス,サイバーステップＨＤ
3814,アルファクス・フード・システム,Ｇ－アルファクスＦＳ
3815,メディア工房,Ｇ－メディア
3816,大和コンピューター,大和コン
3817,ＳＲＡホールディングス,ＳＲＡＨＤ
3823,ＴＨＥ　ＷＨＹ　ＨＯＷ　ＤＯ　ＣＯＭＰＡＮＹ,ＷＨＹ　ＨＯＷ　ＤＯ
3825,リミックスポイント,ＲＥＭＩＸ
3826,システムインテグレータ,ＳＩ
3834,朝日ネット,朝日ネット
3835,ｅＢＡＳＥ,ｅＢＡＳＥ
3836,アバントグループ,アバントグループ
3837,アドソル日進,アドソル日進
3839,ＯＤＫソリューションズ,ＯＤＫ
3840,パス,ＰＡＴＨ
3841,ジーダット,ジーダット
3842,ネクストジェン,ネクストジェン
3843,フリービット,フリービット
3844,コムチュア,コムチュア
3845,アイフリークモバイル,アイフリーク
3847,パシフィックシステム,パシフィックＳ
3848,データ・アプリケーション,データアプリ
3850,エヌ・ティ・ティ・データ・イントラマート,ＮＴＴＤＩＭ
3851,日本一ソフトウェア,日本一Ｓ
3853,アステリア,アステリア
3854,アイル,アイル
3856,Ａｂａｌａｎｃｅ,Ａｂａｌａｎｃｅ
3858,ユビキタスＡＩ,ユビキタスＡＩ
3861,王子ホールディングス,王子ＨＤ
3863,日本製紙,日本紙
3864,三菱製紙,三菱紙
3865,北越コーポレーション,北越コーポレーション
3877,中越パルプ工業,中越パル
3878,巴川コーポレーション,巴川コーポ
3880,大王製紙,大王紙
3891,ニッポン高度紙工業,高度紙
3892,岡山製紙,岡山製紙
3895,ハビックス,ハビックス
3896,阿波製紙,阿波製紙
3900,クラウドワークス,Ｇ－クラウドワークス
3901,マークラインズ,マークラインズ
3902,メディカル・データ・ビジョン,ＭＤＶ
3903,ｇｕｍｉ,ｇｕｍｉ
3904,カヤック,Ｇ－カヤック
3905,データセクション,Ｇ－データセクション
3907,シリコンスタジオ,シリコンスタジオ
3908,コラボス,コラボス
3909,ショーケース,ショーケース
3910,エムケイシステム,エムケイシステム
3911,Ａｉｍｉｎｇ,Ｇ－Ａｉｍｉｎｇ
3912,モバイルファクトリー,モバファク
3913,ＧｒｅｅｎＢｅｅ,ＧｒｅｅｎＢｅｅ
3914,ＪＩＧ－ＳＡＷ,Ｇ－ＪＩＧ－ＳＡＷ
3915,テラスカイ,テラスカイ
3916,デジタル・インフォメーション・テクノロジー,ＤＩＴ
3917,アイリッジ,Ｇ－アイリッジ
3918,ＰＣＩホールディングス,ＰＣＩＨＤ
3920,アイビーシー,アイビーシー
3921,ネオジャパン,ネオジャパン
3922,ＰＲ　ＴＩＭＥＳ,ＰＲＴＩＭＥＳ
3923,ラクス,ラクス
3924,ランドコンピュータ,ランドコンピュータ
3925,ダブルスタンダード,ダブルスタンダード
3926,オープンドア,オープンドア
3927,フーバーブレイン,フーバーブレイン
3928,マイネット,マイネット
3929,ソーシャルワイヤー,Ｇ－ソーシャルワイヤ
3930,はてな,Ｇ－はてな
3931,バリューゴルフ,Ｇ－バリューゴルフ
3932,アカツキ,アカツキ
3933,チエル,チエル
3934,ベネフィットジャパン,ベネフィットジャパン
3935,エディア,エディア
3936,グローバルウェイ,Ｇ－グローバルウェイ
3937,Ｕｂｉｃｏｍホールディングス,Ｕｂｉｃｏｍ
3939,カナミックネットワーク,カナミックＮ
3940,ノムラシステムコーポレーション,ノムラシステム
3941,レンゴー,レンゴー
3943,大石産業,大石産業
3944,古林紙工,古林紙工
3945,スーパーバッグ,スパバック
3946,トーモク,トーモク
3947,ダイナパック,ダイナパック
3948,光ビジネスフォーム,光ビジネス
3950,ザ・パック,ザ・パック
3951,朝日印刷,朝日印刷
3953,大村紙業,大村紙業
3954,昭和パックス,ＰＡＸＸＳ
3955,イムラ,イムラ
3958,笹徳印刷,笹徳印刷
3961,シルバーエッグ・テクノロジー,Ｇ－シルバーエッグ
3962,チェンジホールディングス,チェンジＨＤ
3963,シンクロ・フード,シンクロ・フード
3964,オークネット,オークネット
3965,キャピタル・アセット・プランニング,ＣＡＰ
3967,エルテス,Ｇ－エルテス
3968,セグエグループ,セグエ
3969,エイトレッド,エイトレッド
3970,イノベーション,イノベーション
3974,ＳＣＡＴ,ＳＣＡＴ
3976,シャノン,Ｇ－シャノン
3979,うるる,Ｇ－うるる
3981,ビーグリー,ビーグリー
3983,オロ,オロ
3984,ユーザーローカル,ユーザーローカル
3985,テモナ,テモナ
3986,ビーブレイクシステムズ,ビーブレイク
3987,エコモット,Ｇ－エコモット
3988,ＳＹＳホールディングス,ＳＹＳＨＤ
3989,シェアリングテクノロジー,Ｇ－シェアリングＴ
3991,ウォンテッドリー,Ｇ－ウォンテッドリー
3992,ニーズウェル,ニーズウェル
3993,ＰＫＳＨＡ　Ｔｅｃｈｎｏｌｏｇｙ,ＰＫＳＨＡ
3994,マネーフォワード,マネーフォワード
3996,サインポスト,サインポスト
3997,トレードワークス,トレードワークス
3998,すららネット,Ｇ－すららネット
4004,レゾナック・ホールディングス,レゾナックＨＤ
4005,住友化学,住友化
4008,住友精化,住友精化
4011,ヘッドウォータース,Ｇ－ヘッドウォーター
4012,アクシス,アクシス
4013,勤次郎,Ｇ－勤次郎
4014,カラダノート,Ｇ－カラダノート
4015,ペイクラウドホールディングス,Ｇ－ペイクラウドＨＤ
4016,ＭＩＴホールディングス,ＭＩＴＨＤ
4017,クリーマ,Ｇ－クリーマ
4019,スタメン,Ｇ－スタメン
4020,ビートレンド,Ｇ－ビートレンド
4021,日産化学,日産化
4022,ラサ工業,ラサ工
4023,クレハ,クレハ
4025,多木化学,多木化学
4026,神島化学工業,神島化学工業
4027,テイカ,テイカ
4028,石原産業,石原産
4031,片倉コープアグリ,片倉コープアグリ
4040,南海化学,南海化学
4041,日本曹達,日曹達
4042,東ソー,東ソー
4043,トクヤマ,トクヤマ
4044,セントラル硝子,セ硝子
4045,東亞合成,東亜合
4046,大阪ソーダ,大阪ソーダ
4047,関東電化工業,関電化
4051,ＧＭＯフィナンシャルゲート,ＧＭＯ－ＦＧ
4052,フィーチャ,Ｇ－フィーチャ
4053,Ｓｕｎ　Ａｓｔｅｒｉｓｋ,サンアスタリスク
4054,日本情報クリエイト,Ｇ－日本情報Ｃ
4055,ティアンドエスグループ,Ｇ－ティアンドエスＧ
4056,ニューラルグループ,Ｇ－ニューラル
4057,インターファクトリー,Ｇ－インタファクトリ
4058,トヨクモ,Ｇ－トヨクモ
4059,まぐまぐ,まぐまぐ
4060,ｒａｋｕｍｏ,Ｇ－ｒａｋｕｍｏ
4061,デンカ,デンカ
4062,イビデン,イビデン
4063,信越化学工業,信越化
4064,日本カーバイド工業,カーバイド
4068,ベイシス,Ｇ－ベイシス
4069,ＢｌｕｅＭｅｍｅ,Ｇ－ＢｌｕｅＭｅｍｅ
4071,プラスアルファ・コンサルティング,プラスアルファ
4072,電算システムホールディングス,電算システムＨＤ
4073,ジィ・シィ企画,Ｇ－ジィ・シィ企画
4074,ラキール,Ｇ－ラキール
4075,ブレインズテクノロジー,Ｇ－ブレインズ
4076,シイエヌエス,Ｇ－シイエヌエス
4078,堺化学工業,堺化学
4080,田中化学研究所,田中化研
4082,第一稀元素化学工業,稀元素
4088,エア・ウォーター,エア・ウォーター
4091,日本酸素ホールディングス,日本酸素ＨＤ
4092,日本化学工業,日本化
4093,東邦アセチレン,東邦アセチレン
4094,日本化学産業,日化学産
4095,日本パーカライジング,日パーカライ
4097,高圧ガス工業,高圧ガス
4098,チタン工業,チタン工
4099,四国化成ホールディングス,四国化成ＨＤ
4100,戸田工業,戸田工
4102,丸尾カルシウム,丸尾カルシウム
4107,伊勢化学工業,伊勢化
4109,ステラ　ケミファ,ステラケミファ
4112,保土谷化学工業,保土谷化
4113,田岡化学工業,田岡化学工業
4114,日本触媒,日触媒
4116,大日精化工業,大日精化
4118,カネカ,カネカ
4119,日本ピグメントホールディングス,日本ピグメントＨＤ
4120,スガイ化学工業,スガイ化学工業
4124,大阪油化工業,大阪油化工業
4125,三和油化工業,三和油化工業
4151,協和キリン,協和キリン
4165,プレイド,Ｇ－プレイド
4166,かっこ,Ｇ－かっこ
4167,ココペリ,Ｇ－ココペリ
4168,ヤプリ,Ｇ－ヤプリ
4169,ＥＮＥＣＨＡＮＧＥ,Ｇ－エネチェンジ
4170,Ｋａｉｚｅｎ　Ｐｌａｔｆｏｒｍ,Ｇ－ＫａｉｚｅｎＰＦ
4171,グローバルインフォメーション,グローバルＩ
4172,Ｈｉクラテス,Ｈｉクラテス
4174,アピリッツ,アピリッツ
4175,ｃｏｌｙ,Ｇ－ｃｏｌｙ
4176,ココナラ,Ｇ－ココナラ
4177,ｉ‐ｐｌｕｇ,Ｇ－ｉ－ｐｌｕｇ
4178,Ｓｈａｒｉｎｇ　Ｉｎｎｏｖａｔｉｏｎｓ,Ｇ－Ｓイノベーション
4179,ジーネクスト,Ｇ－ジーネクスト
4180,Ａｐｐｉｅｒ　Ｇｒｏｕｐ,Ａｐｐｉｅｒ
4182,三菱瓦斯化学,菱瓦斯化
4183,三井化学,三井化学
4186,東京応化工業,東応化
4187,大阪有機化学工業,大有機化
4188,三菱ケミカルグループ,三菱ケミカルグループ
4189,ＫＨネオケム,ＫＨネオケム
4192,スパイダープラス,Ｇ－スパイダープラス
4193,ファブリカホールディングス,ファブリカＨＤ
4194,ビジョナル,ビジョナル
4196,ネオマーケティング,ネオマーケ
4197,アスマーク,アスマーク
4198,テンダ,テンダ
4199,ワンダープラネット,Ｇ－ワンプラ
4202,ダイセル,ダイセル
4203,住友ベークライト,住友ベーク
4204,積水化学工業,積水化
4205,日本ゼオン,日ゼオン
4206,アイカ工業,アイカ工
4208,ＵＢＥ,ＵＢＥ
4212,積水樹脂,積水樹脂
4216,旭有機材,旭有機材
4218,ニチバン,ニチバン
4220,リケンテクノス,リケンテクノス
4221,大倉工業,大倉工
4222,児玉化学工業,児玉化
4224,ロンシール工業,ロンシール工
4228,積水化成品工業,積水化成
4229,群栄化学工業,群栄化
4231,タイガースポリマー,タイガーポリ
4234,サンエー化研,サンエー化研
4235,ウルトラファブリックス・ホールディングス,ＵＦＨＤ
4237,フジプレアム,フジプレアム
4238,ミライアル,ミライアル
4240,クラスターテクノロジー,クラスターＴ
4241,アテクト,アテクト
4242,タカギセイコー,タカギセイコー
4243,ニックス,ニックス
4245,ダイキアクシス,ダイキアクシス
4246,ダイキョーニシカワ,ＤＮＣ
4247,ポバール興業,ポバール興業
4248,竹本容器,竹本容器
4249,森六,森六
4251,恵和,恵和
4255,ＴＨＥＣＯＯ,Ｇ－ＴＨＥＣＯＯ
4256,サインド,Ｇ－サインド
4258,網屋,Ｇ－網屋
4259,エクサウィザーズ,Ｇ－エクサウィザーズ
4260,ハイブリッドテクノロジーズ,Ｇ－ハイブリッドテク
4261,アジアクエスト,Ｇ－アジアクエスト
4262,ニフティライフスタイル,Ｇ－ニフティライフ
4263,サスメド,Ｇ－サスメド
4264,セキュア,Ｇ－セキュア
4265,Ｉｎｓｔｉｔｕｔｉｏｎ　ｆｏｒ　ａ　Ｇｌｏｂａｌ　Ｓｏｃｉｅｔｙ,Ｇ－ＩＧＳ
4270,ＢｅｅＸ,Ｇ－ＢｅｅＸ
4272,日本化薬,日化薬
4274,細谷火工,細谷火工
4275,カーリット,カーリット
4284,ソルクシーズ,ソルクシーズ
4286,ＣＬホールディングス,ＣＬホールディングス
4287,ジャストプランニング,ジャストプラ
4288,アズジェント,アズジェント
4290,プレステージ・インターナショナル,ＰＩ
4293,セプテーニ・ホールディングス,セプテーニＨＤ
4299,ハイマックス,ハイマックス
4301,アミューズ,アミューズ
4307,野村総合研究所,ＮＲＩ
4308,Ｊストリーム,Ｇ－Ｊストリーム
4310,ドリームインキュベータ,ＤＩ
4316,ビーマップ,Ｇ－ビーマップ
4317,レイ,レイ
4318,クイック,クイック
4319,ＴＡＣ,ＴＡＣ
4320,ＣＥホールディングス,ＣＥＨＤ
4323,日本システム技術,日本システム技術
4324,電通グループ,電通グループ
4326,インテージホールディングス,インテージＨＤ
4331,テイクアンドギヴ・ニーズ,Ｔ＆Ｇニーズ
4333,東邦システムサイエンス,東邦システム
4334,ユークス,ユークス
4335,ＩＰＳホールディングス,ＩＰＳＨＤ
4337,ぴあ,ぴあ
4341,西菱電機,西菱電機
4343,イオンファンタジー,イオンファン
4344,ソースネクスト,ソースネクスト
4345,シーティーエス,シーティーエス
4346,ＮＥＸＹＺ．Ｇｒｏｕｐ,ＮＥＸＹＺ．Ｇ
4347,ブロードメディア,ブロードメディア
4350,メディカルシステムネットワーク,メディシス
4351,山田再生系債権回収総合事務所,山田債権
4356,応用技術,応用技術
4360,マナック・ケミカル・パートナーズ,マナック・ケミカルＰ
4361,川口化学工業,川口化
4362,日本精化,日本精化
4365,松本油脂製薬,松本油脂
4366,ダイトーケミックス,ダイトーケミックス
4367,広栄化学,広栄化学
4368,扶桑化学工業,扶桑化学
4369,トリケミカル研究所,トリケミカル
4370,モビルス,Ｇ－モビルス
4371,コアコンセプト・テクノロジー,Ｇ－ＣＣＴ
4372,ユミルリンク,Ｇ－ユミルリンク
4373,シンプレクス・ホールディングス,シンプレクスＨＤ
4374,ＲＯＢＯＴ　ＰＡＹＭＥＮＴ,Ｇ－ロボペイ
4375,セーフィー,Ｇ－セーフィー
4376,くふうカンパニーホールディングス,Ｇ－くふうカンパニー
4377,ワンキャリア,Ｇ－ワンキャリア
4378,ＣＩＮＣ,Ｇ－ＣＩＮＣ
4379,Ｐｈｏｔｏｓｙｎｔｈ,Ｇ－フォトシンス
4380,Ｍマート,Ｇ－Ｍマート
4381,ビープラッツ,Ｇ－ビープラッツ
4382,ＨＥＲＯＺ,ＨＥＲＯＺ
4384,ラクスル,ラクスル
4385,メルカリ,メルカリ
4386,ＳＩＧグループ,ＳＩＧグループ
4387,ＺＵＵ,Ｇ－ＺＵＵ
4388,エーアイ,エーアイ
4389,プロパティデータバンク,Ｇ－プロパティＤＢＫ
4390,ＩＰＳ,ｉｐｓ
4391,ロジザード,Ｇ－ロジザード
4392,ＦＩＧ,ＦＩＧ
4393,バンク・オブ・イノベーション,Ｇ－バンクオブイノベ
4394,エクスモーション,Ｇ－エクスモーション
4395,アクリート,Ｇ－アクリート
4396,システムサポートホールディングス,システムサポートＨＤ
4397,チームスピリット,Ｇ－チームスピリット
4398,ブロードバンドセキュリティ,ＢＢＳｅｃ
4401,ＡＤＥＫＡ,ＡＤＥＫＡ
4403,日油,日油
4404,ミヨシ油脂,ミヨシ油脂
4406,新日本理化,新日本理化
4409,東邦化学工業,東邦化
4410,ハリマ化成グループ,ハリマ化成Ｇ
4412,サイエンスアーツ,Ｇ－サイエンスアーツ
4413,ボードルア,ボードルア
4414,フレクト,Ｇ－フレクト
4415,ブロードエンタープライズ,Ｇ－ブロードエンター
4416,Ｔｒｕｅ　Ｄａｔａ,Ｇ－ＴｒｕｅＤａｔａ
4417,グローバルセキュリティエキスパート,Ｇ－グローバルセキュ
4418,ＪＤＳＣ,Ｇ－ＪＤＳＣ
4419,Ｆｉｎａｔｅｘｔホールディングス,Ｇ－Ｆｉｎａｔｅｘｔ
4420,イーソル,イーソル
4421,ディ・アイ・システム,ＤＩシステム
4422,ＶＡＬＵＥＮＥＸ,Ｇ－ＶＡＬＵＥＮＥＸ
4424,Ａｍａｚｉａ,Ｇ－Ａｍａｚｉａ
4425,Ｋｕｄａｎ,Ｇ－Ｋｕｄａｎ
4426,パスロジ,Ｐ－パスロジ
4427,ＥｄｕＬａｂ,Ｇ－ＥｄｕＬａｂ
4428,シノプス,Ｇ－シノプス
4429,リックソフト,Ｇ－リックソフト
4430,東海ソフト,東海ソフト
4431,スマレジ,Ｇ－スマレジ
4432,ウイングアーク１ｓｔ,ウイングアーク
4433,ヒト・コミュニケーションズ・ホールディングス,ヒトコムＨＤ
4434,サーバーワークス,サーバーワークス
4436,ミンカブ・ジ・インフォノイド,Ｇ－ミンカブ
4437,ｇｏｏｄｄａｙｓホールディングス,Ｇ－ＧＤＨ
4438,Ｗｅｌｂｙ,Ｇ－Ｗｅｌｂｙ
4439,東名,東名
4440,ヴィッツ,ヴィッツ
4441,トビラシステムズ,トビラシステムズ
4442,バルテス・ホールディングス,Ｇ－バルテスＨＤ
4443,Ｓａｎｓａｎ,Ｓａｎｓａｎ
4444,インフォネット,Ｇ－インフォネット
4445,リビン・テクノロジーズ,Ｇ－リビンＴ
4446,Ｌｉｎｋ－Ｕグループ,Ｌｉｎｋ－Ｕグループ
4447,ピー・ビーシステムズ,Ｇ－ＰＢシステムズ
4448,ｋｕｂｅｌｌ,Ｇ－ｋｕｂｅｌｌ
4449,ギフティ,ギフティ
4450,パワーソリューションズ,Ｇ－ＰＳＯＬ
4452,花王,花王
4461,第一工業製薬,第一工業
4462,石原ケミカル,石原ケミカル
4463,日華化学,日華化学
4464,ソフト９９コーポレーション,ソフト９９
4465,ニイタカ,ニイタカ
4471,三洋化成工業,三洋化成
4475,ＨＥＮＮＧＥ,Ｇ－ＨＥＮＮＧＥ
4476,ＡＩ　ＣＲＯＳＳ,Ｇ－ＡＩ　ＣＲＯＳＳ
4477,ＢＡＳＥ,Ｇ－ＢＡＳＥ
4478,フリー,Ｇ－フリー
4479,マクアケ,Ｇ－マクアケ
4480,メドレー,メドレー
4481,ベース,ベース
4482,ウィルズ,Ｇ－ウィルズ
4483,ＪＭＤＣ,ＪＭＤＣ
4484,ランサーズ,Ｇ－ランサーズ
4486,ユナイトアンドグロウ,Ｇ－ユナイト＆グロウ
4487,スペースマーケット,Ｇ－スペースマーケッ
4488,ＡＩ　ｉｎｓｉｄｅ,Ｇ－ＡＩｉｎｓｉｄｅ
4490,ビザスク,Ｇ－ビザスク
4491,コンピューターマネージメント,Ｃマネージメント
4492,ゼネテック,ゼネテック
4493,サイバーセキュリティクラウド,Ｇ－サイバーセキュリ
4494,バリオセキュア,バリオセキュア
4495,アイキューブドシステムズ,Ｇ－アイキューブド
4496,コマースＯｎｅホールディングス,Ｇ－コマースワン
4498,サイバートラスト,Ｇ－サイバートラスト
4499,Ｓｐｅｅｅ,Ｓｐｅｅｅ
4502,武田薬品工業,武田薬
4503,アステラス製薬,アステラス薬
4506,住友ファーマ,住友ファーマ
4507,塩野義製薬,塩野義薬
4512,わかもと製薬,わかもと
4516,日本新薬,日本新薬
4519,中外製薬,中外薬
4521,科研製薬,科研薬
4523,エーザイ,エーザイ
4524,森下仁丹,仁丹
4526,理研ビタミン,理研ビタミン
4527,ロート製薬,ロート薬
4528,小野薬品工業,小野薬
4530,久光製薬,久光薬
4531,有機合成薬品工業,有機薬
4534,持田製薬,持田薬
4536,参天製薬,参天薬
4538,扶桑薬品工業,扶桑薬
4539,日本ケミファ,日ケミファ
4540,ツムラ,ツムラ
4543,テルモ,テルモ
4544,Ｈ．Ｕ．グループホールディングス,ＨＵグループＨＤ
4547,キッセイ薬品工業,キッセイ薬
4548,生化学工業,生化学
4549,栄研化学,栄研化
4551,鳥居薬品,鳥居薬
4552,ＪＣＲファーマ,ＪＣＲファーマ
4553,東和薬品,東和薬品
4554,富士製薬工業,富士製薬
4556,カイノス,カイノス
4558,中京医薬品,中京医薬
4559,ゼリア新薬工業,ゼリア新薬
4563,アンジェス,Ｇ－アンジェス
4564,オンコセラピー・サイエンス,Ｇ－ＯＴＳ
4565,ネクセラファーマ,ネクセラファーマ
4568,第一三共,第一三共
4569,杏林製薬,杏林製薬
4570,免疫生物研究所,Ｇ－免疫生物研究所
4571,ＮＡＮＯホールディングス,Ｇ－ＮＡＮＯ
4572,カルナバイオサイエンス,Ｇ－カルナバイオ
4574,大幸薬品,大幸薬品
4575,キャンバス,Ｇ－ＣＡＮＢＡＳ
4576,デ・ウエスタン・セラピテクス研究所,Ｇ－ＤＷＴＩ
4577,ダイト,ダイト
4578,大塚ホールディングス,大塚ＨＤ
4579,ラクオリア創薬,Ｇ－ラクオリア創薬
4582,シンバイオ製薬,Ｇ－シンバイオ製薬
4583,カイオム・バイオサイエンス,Ｇ－カイオム
4584,キッズウェル・バイオ,Ｇ－キッズ・バイオ
4586,メドレックス,Ｇ－メドレック
4587,ペプチドリーム,ペプチドリーム
4588,オンコリスバイオファーマ,Ｇ－オンコリスバイオ
4591,リボミック,Ｇ－リボミック
4592,サンバイオ,Ｇ－サンバイオ
4593,ヘリオス,Ｇ－ヘリオス
4594,ブライトパス・バイオ,Ｇ－ブライトパス
4595,ミズホメディー,ミズホメディー
4596,窪田製薬ホールディングス,Ｇ－窪田製薬ＨＤ
4597,ソレイジア・ファーマ,Ｇ－ソレイジア
4598,Ｄｅｌｔａ－Ｆｌｙ　Ｐｈａｒｍａ,Ｇ－ＤＥＬＴＡ－Ｐ
4599,ステムリム,Ｇ－ステムリム
4611,大日本塗料,大日塗料
4612,日本ペイントホールディングス,日ペイントＨＤ
4613,関西ペイント,関ペイント
4615,神東塗料,神東塗料
4616,川上塗料,川上塗料
4617,中国塗料,中国塗料
4619,日本特殊塗料,日特塗料
4620,藤倉化成,藤倉化
4623,アサヒペン,アサヒペン
4624,イサム塗料,イサム塗料
4625,アトミクス,アトミクス
4626,太陽ホールディングス,太陽ＨＤ
4627,ナトコ,ナトコ
4628,エスケー化研,エスケー化研
4629,大伸化学,大伸化学
4631,ＤＩＣ,ＤＩＣ
4633,サカタインクス,サカタインクス
4634,ａｒｔｉｅｎｃｅ,ａｒｔｉｅｎｃｅ
4635,東京インキ,東インキ
4641,アルプス技研,アルプス技
4642,オリジナル設計,オリジナル設
4644,イマジニア,イマジニア
4645,市進ホールディングス,市進ＨＤ
4650,ＳＤエンターテイメント,ＳＤエンター
4651,サニックスホールディングス,サニックスＨＤ
4657,環境管理センター,環境管理
4658,日本空調サービス,日本空調
4659,エイジス,エイジス
4661,オリエンタルランド,ＯＬＣ
4662,フォーカスシステムズ,フォーカスシステムズ
4664,アール・エス・シー,アールエスシー
4665,ダスキン,ダスキン
4666,パーク２４,パーク２４
4667,アイサンテクノロジー,アイサンテクノロ
4668,明光ネットワークジャパン,明光ネット
4671,ファルコホールディングス,ファルコＨＤ
4673,川崎地質,川崎地質
4674,クレスコ,クレスコ
4676,フジ・メディア・ホールディングス,フジＨＤ
4678,秀英予備校,秀英
4679,田谷,田谷
4680,ラウンドワン,ラウンドワン
4681,リゾートトラスト,リゾートトラ
4684,オービック,オービック
4685,菱友システムズ,菱友システム
4686,ジャストシステム,ジャストシステム
4687,ＴＤＣソフト,ＴＤＣソフト
4689,ＬＩＮＥヤフー,ＬＩＮＥヤフー
4690,日本パレットプール,日パレット
4691,ワシントンホテル,ワシントンホテル
4694,ビー・エム・エル,ＢＭＬ
4704,トレンドマイクロ,トレンド
4705,クリップコーポレーション,クリップ
4707,キタック,キタック
4709,ＩＤホールディングス,ＩＤホールディングス
4712,ＫｅｙＨｏｌｄｅｒ,ＫｅｙＨ
4714,リソー教育グループ,リソー教育Ｇ
4716,日本オラクル,日本オラクル
4718,早稲田アカデミー,早稲アカ
4719,アルファシステムズ,アルファシステムズ
4720,城南進学研究社,城南進研
4722,フューチャー,フューチャー
4725,ＣＡＣ　Ｈｏｌｄｉｎｇｓ,ＣＡＣＨＤ
4728,トーセ,トーセ
4732,ユー・エス・エス,ＵＳＳ
4733,オービックビジネスコンサルタント,ＯＢＣ
4735,京進,京進
4736,日本ラッド,日本ラッド
4743,アイティフォー,アイティフォー
4745,東京個別指導学院,東京個別
4746,東計電算,東計電算
4750,ダイサン,ダイサン
4751,サイバーエージェント,サイバーエージェント
4752,昭和システムエンジニアリング,昭和システム
4754,トスネット,トスネット
4755,楽天グループ,楽天グループ
4760,アルファ,アルファ
4761,さくらケーシーエス,さくらＫＣＳ
4762,エックスネット,ＸＮＥＴ
4763,クリーク・アンド・リバー社,Ｃ＆Ｒ社
4765,ＳＢＩグローバルアセットマネジメント,ＳＢＩＧアセットＭ
4766,ピーエイ,ピーエイ
4767,テー・オー・ダブリュー,ＴＯＷ
4768,大塚商会,大塚商会
4769,ＩＣ,ＩＣ
4771,エフアンドエム,エフアンドエム
4772,ＳＭ　ＥＮＴＥＲＴＡＩＮＭＥＮＴ　ＪＡＰＡＮ,Ｇ－ＳＭ　ＥＮＴＥＲ
4776,サイボウズ,ＣＹＢＯＺＵ
4777,ガーラ,ガーラ
4783,ＮＣＤ,ＮＣＤ
4784,ＧＭＯインターネット,ＧＭＯインターネット
4792,山田コンサルティンググループ,山田コンサル
4800,オリコン,オリコン
4801,セントラルスポーツ,セントラルＳＰ
4809,パラカ,パラカ
4811,ドリーム・アーツ,Ｇ－ドリーム・アーツ
4812,電通総研,電通総研
4813,ＡＣＣＥＳＳ,ＡＣＣＥＳＳ
4814,ネクストウェア,ネクストウェア
4816,東映アニメーション,東映アニメ
4819,デジタルガレージ,デジタルガレージ
4820,イーエムシステムズ,ＥＭシステムズ
4825,ウェザーニューズ,ＷＮＩウェザー
4826,ＣＩＪ,ＣＩＪ
4828,ビジネスエンジニアリング,ビーエンジ
4829,日本エンタープライズ,日本エンタープライズ
4832,ＪＦＥシステムズ,ＪＦＥ－ＳＩ
4833,Ｄｅｆ　ｃｏｎｓｕｌｔｉｎｇ,Ｇ－Ｄｅｆコンサル
4838,スペースシャワーＳＫＩＹＡＫＩホールディングス,ＳＳＳＫ　ＨＤ
4839,ＷＯＷＯＷ,ＷＯＷＯＷ
4840,トライアイズ,トライアイズ
4845,スカラ,スカラ
4847,インテリジェント　ウェイブ,ＩＷＩ
4848,フルキャストホールディングス,フルキャストＨＤ
4849,エン,エン
4875,メディシノバ・インク,メディシノバ
4880,セルソース,セルソース
4881,ファンペップ,Ｇ－ファンペップ
4882,ペルセウスプロテオミクス,Ｇ－ペルセウス
4883,モダリス,Ｇ－モダリス
4884,クリングルファーマ,Ｇ－クリングル
4885,室町ケミカル,室町ケミカル
4886,あすか製薬ホールディングス,あすか製薬ＨＤ
4887,サワイグループホールディングス,サワイグループＨＤ
4888,ステラファーマ,Ｇ－ステラファーマ
4889,レナサイエンス,Ｇ－レナサイエンス
4890,坪田ラボ,Ｇ－坪田ラボ
4891,ティムス,Ｇ－ティムス
4892,サイフューズ,Ｇ－サイフューズ
4893,ノイルイミューン・バイオテック,Ｇ－ノイルイミューン
4894,クオリプス,Ｇ－クオリプス
4896,ケイファーマ,Ｇ－ケイファーマ
4901,富士フイルムホールディングス,富士フイルム
4902,コニカミノルタ,コニカミノルタ
4911,資生堂,資生堂
4912,ライオン,ライオン
4914,高砂香料工業,高砂香料
4917,マンダム,マンダム
4918,アイビー化粧品,アイビー
4919,ミルボン,ミルボン
4920,日本色材工業研究所,日本色材
4922,コーセーホールディングス,コーセーＨＤ
4923,コタ,ＣＯＴＡ
4925,ハーバー研究所,ＨＡＢＡ
4926,シーボン,シーボン
4927,ポーラ・オルビスホールディングス,ポーラオルＨＤ
4928,ノエビアホールディングス,ノエビアＨＤ
4929,アジュバンホールディングス,アジュバンＨＤ
4931,新日本製薬,新日本製薬
4932,アルマード,アルマード
4933,Ｉ－ｎｅ,Ｉｎｅ
4934,プレミアアンチエイジング,Ｇ－Ｐアンチエイジ
4935,リベルタ,リベルタ
4936,アクシージア,アクシージア
4937,Ｗａｑｏｏ,Ｇ－Ｗａｑｏｏ
4951,エステー,エステー
4956,コニシ,コニシ
4957,ヤスハラケミカル,ヤスハラケミ
4958,長谷川香料,長谷川香
4960,ケミプロ化成,ケミプロ化成
4966,上村工業,上村工業
4967,小林製薬,小林製薬
4968,荒川化学工業,荒川化学
4970,東洋合成工業,東洋合成
4971,メック,メック
4972,綜研化学,綜研化学
4973,日本高純度化学,高純度化
4974,タカラバイオ,タカラバイオ
4975,ＪＣＵ,ＪＣＵ
4976,東洋ドライルーブ,ドライルーブ
4977,新田ゼラチン,ニッタゼラチン
4978,リプロセル,Ｇ－リプロセル
4979,ＯＡＴアグリオ,ＯＡＴアグリオ
4980,デクセリアルズ,デクセリアルズ
4985,アース製薬,アース製薬
4990,昭和化学工業,昭和化
4992,北興化学工業,北興化
4994,大成ラミックグループ,大成ラミックＧ
4996,クミアイ化学工業,クミアイ化
4997,日本農薬,日農薬
4998,フマキラー,フマキラー
5009,富士興産,富士興産
5010,日本精蝋,日精蝋
5011,ニチレキグループ,ニチレキＧ
5013,ユシロ,ユシロ
5015,ビーピー・カストロール,ＢＰカストロール
5017,富士石油,富士石油
5018,ＭＯＲＥＳＣＯ,ＭＯＲＥＳＣＯ
5019,出光興産,出光興産
5020,ＥＮＥＯＳホールディングス,ＥＮＥＯＳ
5021,コスモエネルギーホールディングス,コスモエネルギーＨＤ
5022,レボインターナショナル,Ｐ－レボインター
5025,マーキュリー,Ｇ－マーキュリー
5026,トリプルアイズ,Ｇ－トリプルアイズ
5027,ＡｎｙＭｉｎｄ　Ｇｒｏｕｐ,Ｇ－ＡｎｙＭｉｎｄ
5028,セカンドサイトアナリティカ,Ｇ－セカンドサイト
5029,サークレイス,Ｇ－サークレイス
5031,モイ,Ｇ－モイ
5032,ＡＮＹＣＯＬＯＲ,ＡＮＹＣＯＬＯＲ
5033,ヌーラボ,Ｇ－ヌーラボ
5034,ｕｎｅｒｒｙ,Ｇ－ｕｎｅｒｒｙ
5035,ＨＯＵＳＥＩ,Ｇ－ＨＯＵＳＥＩ
5036,日本ビジネスシステムズ,日本ビジネスシステム
5037,フィットワークス,Ｐ－フィットワークス
5038,ｅＷｅＬＬ,Ｇ－ｅＷｅＬＬ
5070,ドラフト,Ｇ－ドラフト
5071,ヴィス,ヴィス
5072,アートフォースジャパン,Ｐ－アートフォース
5074,テスホールディングス,テスホールディングス
5076,インフロニア・ホールディングス,インフロニアＨＤ
5077,ハンズ,Ｐ－ハンズ
5078,セレコーポレーション,セレコーポレーション
5079,ノバック,ノバック
5101,横浜ゴム,浜ゴム
5103,昭和ホールディングス,昭和ＨＤ
5105,ＴＯＹＯ　ＴＩＲＥ,ＴＯＹＯ　ＴＩＲＥ
5108,ブリヂストン,ブリヂス
5110,住友ゴム工業,住友ゴム
5121,藤倉コンポジット,藤コンポ
5122,オカモト,オカモト
5125,ファインズ,Ｇ－ファインズ
5126,ポーターズ,Ｇ－ポーターズ
5129,ＦＩＸＥＲ,Ｇ－ＦＩＸＥＲ
5130,ヒロホールディングス,Ｐ－ヒロＨＤ
5131,リンカーズ,Ｇ－リンカーズ
5132,ｐｌｕｓｚｅｒｏ,Ｇ－ｐｌｕｓｚｅｒｏ
5133,テリロジーホールディングス,テリロジーＨＤ
5134,ＰＯＰＥＲ,Ｇ－ＰＯＰＥＲ
5135,ＡＩＲ－Ｕ,Ｐ－ＡＩＲ－Ｕ
5136,ｔｒｉｐｌａ,Ｇ－ｔｒｉｐｌａ
5137,スマートドライブ,Ｇ－スマートドライブ
5138,Ｒｅｂａｓｅ,Ｇ－Ｒｅｂａｓｅ
5139,オープンワーク,Ｇ－オープンワーク
5142,アキレス,アキレス
5161,西川ゴム工業,西川ゴム
5162,朝日ラバー,朝日ラバー
5184,ニチリン,ニチリン
5185,フコク,フコク
5186,ニッタ,ニッタ
5187,クリエートメディック,クリエート
5189,櫻護謨,桜ゴム
5191,住友理工,住友理工
5192,三ツ星ベルト,三星ベルト
5194,相模ゴム工業,相模ゴム
5195,バンドー化学,バンドー化
5199,不二ラテックス,不二ラテ
5201,ＡＧＣ,ＡＧＣ
5202,日本板硝子,板硝子
5204,石塚硝子,石塚硝
5208,有沢製作所,有沢製
5210,日本山村硝子,日山村硝
5214,日本電気硝子,日電硝
5216,倉元製作所,倉元
5218,オハラ,オハラ
5232,住友大阪セメント,住友大阪
5233,太平洋セメント,太平洋セメ
5237,ノザワ,ノザワ
5240,ｍｏｎｏＡＩ　ｔｅｃｈｎｏｌｏｇｙ,Ｇ－ｍｏｎｏＡＩ
5242,アイズ,Ｇ－アイズ
5243,ｎｏｔｅ,Ｇ－ｎｏｔｅ
5244,ｊｉｇ．ｊｐ,Ｇ－ｊｉｇ．ｊｐ
5246,ＥＬＥＭＥＮＴＳ,Ｇ－ＥＬＥＭＥＮＴＳ
5247,ＢＴＭ,Ｇ－ＢＴＭ
5248,テクノロジーズ,Ｇ－テクノロジーズ
5249,あさかわシステムズ,Ｐ－あさかわシス
5250,ＧＭＯプライム・ストラテジー,ＧＭＯプライム
5251,ウイズ・ワン,Ｐ－ウイズ・ワン
5252,日本ナレッジ,Ｇ－日本ナレッジ
5253,カバー,Ｇ－カバー
5254,Ａｒｅｎｔ,Ｇ－Ａｒｅｎｔ
5255,モンスターラボ,Ｇ－モンスターラボ
5256,Ｆｕｓｉｃ,Ｇ－Ｆｕｓｉｃ
5257,ノバシステム,ノバシステム
5258,トランザクション・メディア・ネットワークス,Ｇ－ＴＭＮ
5259,ＢＢＤイニシアティブ,Ｇ－ＢＢＤＩ
5261,リソルホールディングス,リソル
5262,日本ヒューム,日ヒューム
5268,旭コンクリート工業,旭コンクリ
5269,日本コンクリート工業,日コンクリ
5271,トーヨーアサノ,トーヨーアサノ
5273,三谷セキサン,三谷セキサン
5279,日本興業,日本興業
5280,ヨシコン,ヨシコン
5282,ジオスター,ジオスター
5283,高見澤,高見澤
5284,ヤマウホールディングス,ヤマウＨＤ
5285,ヤマックス,ヤマックス
5287,イトーヨーギョー,イトーヨーギョー
5288,アジアパイルホールディングス,アジアパイルＨＤ
5290,ベルテクスコーポレーション,ベルテクス
5301,東海カーボン,東海カーボン
5302,日本カーボン,日カーボン
5304,ＳＥＣカーボン,ＳＥＣカーボン
5310,東洋炭素,東洋炭素
5331,ノリタケ,ノリタケ
5332,ＴＯＴＯ,ＴＯＴＯ
5333,ＮＧＫ,ＮＧＫ
5334,日本特殊陶業,日特殊陶
5337,ダントーホールディングス,ダントーＨＤ
5341,ＡＳＡＨＩ　ＥＩＴＯホールディングス,ＡＳＡＨＩ　ＥＩＴＯ
5344,ＭＡＲＵＷＡ,ＭＡＲＵＷＡ
5351,品川リフラ,品川リフラ
5352,黒崎播磨,黒崎播磨
5355,日本坩堝,日坩堝
5357,ヨータイ,ヨータイ
5363,東京窯業,ＴＹＫ
5367,ニッカトー,ニッカトー
5368,日本インシュレーション,日本インシュレ
5380,新東,新東
5381,マイポックス,マイポックス
5384,フジミインコーポレーテッド,ＦＵＪＩＭＩ
5386,鶴弥,鶴弥
5388,クニミネ工業,クニミネ工業
5391,エーアンドエーマテリアル,Ａ＆Ａマテリアル
5393,ニチアス,ニチアス
5401,日本製鉄,日本製鉄
5406,神戸製鋼所,神戸鋼
5408,中山製鋼所,中山鋼
5410,合同製鐵,合同鉄
5411,ＪＦＥホールディングス,ＪＦＥ
5423,東京製鐵,東製鉄
5440,共英製鋼,共英製鋼
5444,大和工業,大和工
5445,東京鐵鋼,東京鉄
5446,北越メタル,北越メタル
5449,大阪製鐵,大阪製鉄
5451,ヨドコウ,ヨドコウ
5458,高砂鐵工,高砂鉄
5461,中部鋼鈑,中部鋼鈑
5463,丸一鋼管,丸一鋼管
5464,モリ工業,モリ工業
5471,大同特殊鋼,大同特鋼
5476,日本高周波鋼業,高周波
5480,日本冶金工業,冶金工
5482,愛知製鋼,愛知鋼
5484,東北特殊鋼,東北鋼
5491,日本金属,日本金属
5525,フロンティアホールディングス,Ｐ－フロンティアＨＤ
5527,ｐｒｏｐｅｒｔｙ　ｔｅｃｈｎｏｌｏｇｉｅｓ,Ｇ－ｐｒｏｐｅｔｅｃ
5528,フロンティアハウス,Ｐ－フロンティアＨＳ
5531,エヌバイテクノロジーズ,Ｐ－エヌバイテクノ
5532,リアルゲイト,Ｇ－リアルゲイト
5533,エリッツホールディングス,エリッツＨＤ
5534,エンゼルグループ,Ｐ－エンゼルグループ
5535,ミガロホールディングス,ミガロＨＤ
5536,京橋アートレジデンス,Ｐ－京橋アートレジ
5537,ＡｌｂａＬｉｎｋ,Ｇ－ＡｌｂａＬｉｎｋ
5541,大平洋金属,大平洋金
5542,新報国マテリアル,新報国マテリアル
5563,新日本電工,新日本電工
5570,ジェノバ,Ｇ－ジェノバ
5571,エキサイトホールディングス,エキサイトＨＤ
5572,Ｒｉｄｇｅ－ｉ,Ｇ－リッジアイ
5573,働楽ホールディングス,Ｐ－働楽ＨＤ
5574,ＡＢＥＪＡ,Ｇ－ＡＢＥＪＡ
5575,Ｇｌｏｂｅｅ,Ｇ－Ｇｌｏｂｅｅ
5576,オービーシステム,オービーシステム
5577,アイデミー,Ｇ－アイデミー
5578,ＡＲアドバンストテクノロジ,Ｇ－ＡＲアドバンスト
5580,プロディライト,Ｇ－プロディライト
5581,カイテクノロジー,Ｐ－カイテクノロジー
5582,グリッド,Ｇ－グリッド
5584,Ｓｔｒａｗｂｅｒｒｙ　ｊａｍｓ,Ｐ－ストロベリｊａｍ
5586,Ｌａｂｏｒｏ．ＡＩ,Ｇ－ＬａｂｏｒｏＡＩ
5587,インバウンドプラットフォーム,Ｇ－インバウンドＰＦ
5588,ファーストアカウンティング,Ｇ－ファーストＡ
5589,オートサーバー,オートサーバー
5590,ネットスターズ,Ｇ－ネットスターズ
5591,ＡＶＩＬＥＮ,Ｇ－ＡＶＩＬＥＮ
5592,くすりの窓口,Ｇ－くすりの窓口
5594,エム・デー・ビー,Ｐ－エム・デー・ビー
5595,ＱＰＳ研究所,Ｇ－ＱＰＳ研究所
5596,アウトルックコンサルティング,Ｇ－アウトルック
5597,ブルーイノベーション,Ｇ－ブルーイノベ
5598,Ｙｏｔｔａｖｉａｓ,Ｐ－Ｙｏｔｔａｖｉａ
5599,Ｓ＆Ｊ,Ｇ－Ｓ＆Ｊ
5602,栗本鐵工所,栗本鉄
5603,虹技,虹技
5609,日本鋳造,日鋳造
5612,日本鋳鉄管,日鋳鉄管
5616,雨風太陽,Ｇ－雨風太陽
5617,ウィル・ドゥ,Ｐ－ウィル・ドゥ
5618,ナイル,Ｇ－ナイル
5619,マーソ,Ｇ－マーソ
5620,エスピーオー,Ｐ－エスピーオー
5621,ヒューマンテクノロジーズ,Ｇ－ヒューマンＴ
5631,日本製鋼所,日製鋼所
5632,三菱製鋼,三菱製鋼
5644,メタルアート,メタルアート
5658,日亜鋼業,日亜鋼
5659,日本精線,日精線
5660,神鋼鋼線工業,神鋼鋼線
5695,パウダーテック,パウダテック
5697,サンユウ,サンユウ
5698,エンビプロ・ホールディングス,エンビプロＨＤ
5699,イボキン,イボキン
5702,大紀アルミニウム工業所,大紀アルミ
5703,日本軽金属ホールディングス,日軽金ＨＤ
5704,ＪＭＣ,ＪＭＣ
5706,三井金属,三井金属
5707,東邦亜鉛,東邦鉛
5711,三菱マテリアル,三菱マ
5713,住友金属鉱山,住友鉱
5714,ＤＯＷＡホールディングス,ＤＯＷＡ
5715,古河機械金属,古河機金
5721,エスクリプトエナジー,エスクリプトエナジー
5724,アサカ理研,アサカ理研
5726,大阪チタニウムテクノロジーズ,大阪チタ
5727,東邦チタニウム,邦チタニウム
5729,日本精鉱,日精鉱
5741,ＵＡＣＪ,ＵＡＣＪ
5742,エヌアイシ・オートテック,ＮＩＣ
5753,日本伸銅,日伸銅
5757,ＣＫサンエツ,ＣＫサンエツ
5801,古河電気工業,古河電工
5802,住友電気工業,住友電工
5803,フジクラ,フジクラ
5805,ＳＷＣＣ,ＳＷＣＣ
5816,オーナンバ,オーナンバ
5817,ＪＭＡＣＳ,ＪＭＡＣＳ
5819,カナレ電気,カナレ電気
5820,三ッ星,三ッ星
5821,平河ヒューテック,平河ヒューテ
5830,いよぎんホールディングス,いよぎんＨＤ
5831,しずおかフィナンシャルグループ,しずおかＦＧ
5832,ちゅうぎんフィナンシャルグループ,ちゅうぎんＦＧ
5834,ＳＢＩリーシングサービス,Ｇ－ＳＢＩリーシング
5838,楽天銀行,楽天銀行
5840,日本総険,Ｐ－日本総険
5842,インテグラル,Ｇ－インテグラル
5843,ニッポンインシュア,ニッポンインシュア
5844,京都フィナンシャルグループ,京都ＦＧ
5845,全保連,全保連
5851,リョービ,リョービ
5852,アーレスティ,アーレスティ
5856,エルアイイーエイチ,エルアイイーエイチ
5857,ＡＲＥホールディングス,ＡＲＥＨＤ
5858,ＳＴＧ,Ｇ－ＳＴＧ
5866,ＷｉｚＢｉｚ,Ｐ－ＷｉｚＢｉｚ
5867,エスネットワークス,Ｇ－エスネット
5870,ナルネットコミュニケーションズ,Ｇ－ナルネット
5883,ＧＴホールディングス,Ｐ－ＧＴＨＤ
5884,クラダシ,Ｇ－クラダシ
5885,ジーデップ・アドバンス,ジーデップアドバンス
5886,ＯＯＫＡＢＥ　ＧＬＡＳＳ,Ｐ－ＯＯＫＡＢＥ
5887,光響,Ｐ－光響
5888,ＤＡＩＷＡ　ＣＹＣＬＥ,Ｇ－ダイワサイクル
5889,Ｊａｐａｎ　Ｅｙｅｗｅａｒ　Ｈｏｌｄｉｎｇｓ,ＪＥＨ
5890,オフィスバスターズ,Ｐ－オフィスバスター
5891,ＳＡＫＩＧＡＫＥホールディングス,ＳＡＫＩＧＡＫＥ
5892,ｙｕｔｏｒｉ,Ｇ－ｙｕｔｏｒｉ
5900,ダイケン,ダイケン
5901,東洋製罐グループホールディングス,洋缶ＨＤ
5902,ホッカンホールディングス,ホッカンＨＤ
5903,シンポ,ＳＨＩＮＰＯ
5905,日本製罐,日缶
5906,エムケー精工,エムケー精工
5909,コロナ,コロナ
5911,横河ブリッジホールディングス,横河ブＨＤ
5915,駒井ハルテック,駒井ハルテック
5918,瀧上工業,滝上工
5921,川岸工業,川岸工
5922,那須電機鉄工,那須鉄
5923,高田機工,高田機工
5928,アルメタックス,アルメタックス
5929,三和ホールディングス,三和ＨＤ
5930,文化シヤッター,文化シヤター
5932,三協立山,三協立山
5933,アルインコ,アルインコ
5936,東洋シヤッター,洋シヤター
5938,ＬＩＸＩＬ,ＬＩＸＩＬ
5939,大谷工業,大谷工業
5940,不二サッシ,不二サッシ
5941,中西製作所,中西製作所
5942,日本フイルコン,日フイルコン
5943,ノーリツ,ノーリツ
5945,天龍製鋸,天龍製鋸
5946,長府製作所,長府製
5947,リンナイ,リンナイ
5949,ユニプレス,ユニプレス
5950,日本パワーファスニング,日本パワーファス
5951,ダイニチ工業,ダイニチ工
5952,アマテイ,アマテイ
5955,ワイズホールディングス,ワイズＨＤ
5956,トーソー,トーソー
5957,日東精工,日東精工
5958,三洋工業,三洋工
5959,岡部,岡部
5962,浅香工業,浅香工業
5965,フジマック,フジマック
5966,京都機械工具,京都機械工具
5967,ＴＯＮＥ,ＴＯＮＥ
5969,ロブテックス,ロブテックス
5970,ジーテクト,ジーテクト
5971,共和工業所,共和工業
5973,トーアミ,トーアミ
5974,中国工業,中国工
5975,東プレ,東プレ
5976,高周波熱錬,ネツレン
5981,東京製綱,東製綱
5982,マルゼン,マルゼン
5983,イワブチ,イワブチ
5984,兼房,兼房
5985,サンコール,サンコール
5986,モリテック　スチール,モリテック
5987,オーネックス,オーネックス
5988,パイオラックス,パイオラックス
5989,エイチワン,エイチワン
5990,スーパーツール,スーパーツール
5991,日本発條,ニッパツ
5992,中央発條,中央発条
5994,ファインシンター,ファインシンター
5997,協立エアテック,協立エアテク
5998,アドバネクス,アドバネクス
6005,三浦工業,三浦工
6013,タクマ,タクマ
6016,ジャパンエンジンコーポレーション,ジャパンエンジン
6018,阪神内燃機工業,阪神内燃機工業
6022,赤阪鐵工所,赤阪鉄
6023,ダイハツインフィニアース,ダイハツインフィ
6026,ＧＭＯ　ＴＥＣＨ,Ｇ－ＧＭＯＴＥＣＨ
6027,弁護士ドットコム,弁護士ドットコム
6028,テクノプロ・ホールディングス,テクノプロＨＤ
6029,アトラグループ,アトラＧ
6030,アドベンチャー,Ｇ－アドベンチャー
6031,ＺＥＴＡ,Ｇ－ＺＥＴＡ
6033,エクストリーム,Ｇ－エクストリーム
6034,ＭＲＴ,Ｇ－ＭＲＴ
6035,アイ・アールジャパンホールディングス,ＩＲＪａｐａｎ　ＨＤ
6036,ＫｅｅＰｅｒ技研,ＫｅｅＰｅｒ技研
6037,楽待,楽待
6038,イード,Ｇ－イード
6039,日本動物高度医療センター,Ｇ－日本動物高度医療
6040,日本スキー場開発,Ｇ－日本スキー
6042,ニッキ,ニッキ
6044,三機サービス,三機サービス
6045,レントラックス,Ｇ－レントラックス
6046,リンクバル,リンクバル
6047,Ｇｕｎｏｓｙ,Ｇｕｎｏｓｙ
6048,デザインワン・ジャパン,デザインワン
6049,イトクロ,Ｇ－イトクロ
6050,イー・ガーディアン,Ｅガーディアン
6054,リブセンス,リブセンス
6055,ジャパンマテリアル,Ｊマテリアル
6058,ベクトル,ベクトル
6059,ウチヤマホールディングス,ウチヤマＨＤ
6060,こころネット,こころネット
6061,ユニバーサル園芸社,ユニバ園芸
6062,チャーム・ケア・コーポレーション,チャームケア
6063,日本エマージェンシーアシスタンス,ＥＡＪ
6069,トレンダーズ,Ｇ－Ｔｒｅｎｄｓ
6070,キャリアリンク,キャリアリンク
6071,ＩＢＪ,ＩＢＪ
6072,地盤ネットホールディングス,地盤ネットＨＤ
6073,アサンテ,アサンテ
6074,ジェイエスエス,ＪＳＳ
6078,バリューＨＲ,バリューＨＲ
6080,Ｍ＆Ａキャピタルパートナーズ,Ｍ＆Ａキャピタル
6081,アライドアーキテクツ,Ｇ－アライドアーキ
6082,ライドオンエクスプレスホールディングス,ライドオンＥＸＨＤ
6083,ＥＲＩホールディングス,ＥＲＩ　ＨＤ
6085,アーキテクツ・スタジオ・ジャパン,Ｇ－アーキテクツＳＪ
6086,シンメンテホールディングス,Ｇ－シンメンテＨＤ
6087,アビスト,アビスト
6088,シグマクシス・ホールディングス,シグマクシスＨＤ
6089,ウィルグループ,ウィルグループ
6090,ヒューマン・メタボローム・テクノロジーズ,ＨＭＴ
6091,ウエスコホールディングス,ウエスコＨＤ
6092,エンバイオ・ホールディングス,エンバイオＨＤ
6093,ミトラグループ,ミトラＧ
6094,フリークアウト・ホールディングス,Ｇ－フリークアウト
6095,メドピア,メドピア
6096,レアジョブ,レアジョブ
6098,リクルートホールディングス,リクルートＨＤ
6099,エラン,エラン
6101,ツガミ,ツガミ
6103,オークマ,オークマ
6104,芝浦機械,芝浦機械
6113,アマダ,アマダ
6118,アイダエンジニアリング,アイダ
6125,岡本工作機械製作所,岡本工機
6134,ＦＵＪＩ,ＦＵＪＩ
6135,牧野フライス製作所,牧野フライス
6136,オーエスジー,ＯＳＧ
6137,小池酸素工業,小池酸工
6138,ダイジェット工業,ダイジェット
6140,旭ダイヤモンド工業,旭ダイヤ
6141,ＤＭＧ森精機,ＤＭＧ森精機
6143,ソディック,ソディック
6144,西部電機,西部電機
6145,ＮＩＴＴＯＫＵ,ＮＩＴＴＯＫＵ
6146,ディスコ,ディスコ
6147,ヤマザキ,ヤマザキ
6149,小田原エンジニアリング,小田原エン
6150,タケダ機械,タケダ機械
6151,日東工器,日東工器
6155,高松機械工業,高松機械
6156,エーワン精密,エーワン精密
6157,日進工具,日進工具
6158,和井田製作所,和井田
6159,ミクロン精密,ミクロン精密
6161,エスティック,エスティック
6165,パンチ工業,パンチ
6166,中村超硬,Ｇ－中村超硬
6167,冨士ダイス,冨士ダイス
6168,ＯＮＥ　ＧＲＯＵＰ,Ｐ－ＯＮＥＧＲＯＵＰ
6171,土木管理総合試験所,土木管理総合試験所
6173,アクアライン,Ｇ－アクアライン
6174,デンタス,Ｐ－デンタス
6176,ブランジスタ,ブランジスタ
6177,ＡｐｐＢａｎｋ,Ｇ－ＡｐｐＢａｎｋ
6178,日本郵政,日本郵政
6180,ＧＭＯメディア,Ｇ－ＧＭＯメディア
6181,タメニー,Ｇ－タメニー
6182,メタリアル,Ｇ－メタリアル
6183,ベルシステム２４ホールディングス,ベル２４ＨＤ
6184,鎌倉新書,鎌倉新書
6185,ＳＭＮ,ＳＭＮ
6186,一蔵,一蔵
6189,グローバルキッズＣＯＭＰＡＮＹ,グローバルキッズＣ
6190,フェニックスバイオ,Ｇ－ＰＸＢ
6191,エアトリ,エアトリ
6193,バーチャレクス・ホールディングス,Ｇ－バーチャレクス
6194,アトラエ,アトラエ
6195,ホープ,Ｇ－ホープ
6196,ストライクグループ,ストライクＧ
6197,ソラスト,ソラスト
6198,キャリア,Ｇ－キャリア
6199,セラク,セラク
6200,インソース,インソース
6201,豊田自動織機,豊田織
6203,豊和工業,豊和工
6208,石川製作所,石川製
6209,リケンＮＰＲ,リケンＮＰＲ
6210,ＴＯＹＯイノベックス,ＴＯＹＯイノベックス
6217,津田駒工業,津田駒工
6218,エンシュウ,エンシュウ
6222,島精機製作所,島精機
6223,西部技研,西部技研
6224,ＪＲＣ,Ｇ－ＪＲＣ
6226,守谷輸送機工業,守谷輸送機工業
6227,ＡＩメカテック,ＡＩメカテック
6228,ジェイ・イー・ティ,ジェイ・イー・ティ
6229,オーケーエム,オーケーエム
6230,ＳＡＮＥＩ,ＳＡＮＥＩ
6231,木村工機,木村工機
6232,ＡＣＳＬ,Ｇ－ＡＣＳＬ
6233,ＫＬＡＳＳ,ＫＬＡＳＳ
6235,オプトラン,オプトラン
6237,イワキポンプ,イワキポンプ
6238,フリュー,フリュー
6239,ナガオカ,ナガオカ
6240,ヤマシンフィルタ,ヤマシンフィルタ
6245,ヒラノテクシード,ヒラノテクシード
6246,テクノスマート,テクノスマート
6247,日阪製作所,日阪製作
6248,横田製作所,横田製作所
6249,ゲームカードホールディングス,ゲームカードＨＤ
6250,やまびこ,やまびこ
6254,野村マイクロ・サイエンス,野村マイクロ
6255,エヌ・ピー・シー,Ｇ－ＮＰＣ
6257,藤商事,藤商事
6258,平田機工,平田機工
6262,ＰＥＧＡＳＵＳ,ＰＥＧＡＳＵＳ
6264,マルマエ,マルマエ
6265,コンバム,コンバム
6266,タツモ,タツモ
6267,ゼネラルパッカー,ゼネパッカー
6268,ナブテスコ,ナブテスコ
6269,三井海洋開発,三井海洋
6272,レオン自動機,レオン自機
6273,ＳＭＣ,ＳＭＣ
6276,シリウスビジョン,シリウスＶ
6277,ホソカワミクロン,ホソカワミクロン
6278,ユニオンツール,ユニオンツール
6279,瑞光,瑞光
6282,オイレス工業,オイレス工
6284,日精エー・エス・ビー機械,ＡＳＢ機械
6286,靜甲,靜甲
6287,サトー,サトー
6289,技研製作所,技研製作所
6291,日本エアーテック,エアーテック
6292,カワタ,カワタ
6293,日精樹脂工業,日精樹脂
6294,オカダアイヨン,オカダアイヨン
6297,鉱研工業,鉱研工業
6298,ワイエイシイホールディングス,ワイエイシイＨＤ
6301,小松製作所,コマツ
6302,住友重機械工業,住友重
6305,日立建機,日立建機
6306,日工,日工
6307,サンセイ,サンセイ
6309,巴工業,巴工業
6310,井関農機,井関農
6312,フロイント産業,フロイント
6315,ＴＯＷＡ,ＴＯＷＡ
6316,丸山製作所,丸山製
6317,北川鉄工所,北川鉄
6322,タクミナ,タクミナ
6323,ローツェ,ローツェ
6324,ハーモニック・ドライブ・システムズ,ハーモニック
6325,タカキタ,タカキタ
6326,クボタ,クボタ
6327,北川精機,北川精機
6328,荏原実業,荏原実業
6330,東洋エンジニアリング,洋エンジ
6331,三菱化工機,菱化工機
6332,月島ホールディングス,月島ＨＤ
6333,ＴＥＩＫＯＫＵ,ＴＥＩＫＯＫＵ
6334,明治機械,明治機
6335,東京機械製作所,東京機
6336,石井表記,石井表記
6337,テセック,テセック
6338,タカトリ,タカトリ
6339,新東工業,新東工
6340,澁谷工業,渋谷工
6342,太平製作所,太平製作所
6343,フリージア・マクロス,フリージアマク
6345,アイチ　コーポレーション,アイチ
6346,キクカワエンタープライズ,キクカワ
6347,プラコー,プラコー
6349,小森コーポレーション,小森
6351,鶴見製作所,鶴見製
6356,日本ギア工業,日ギア
6357,三精テクノロジーズ,三精テクノロジーズ
6358,酒井重工業,酒井重
6360,東京自働機械製作所,東自機
6361,荏原製作所,荏原製
6363,酉島製作所,酉島製
6364,ＡＩＲＭＡＮ,ＡＩＲＭＡＮ
6365,電業社機械製作所,電業社
6366,千代田化工建設,千代化建
6367,ダイキン工業,ダイキン工
6368,オルガノ,オルガノ
6369,トーヨーカネツ,トーヨーカネツ
6370,栗田工業,栗田工
6371,椿本チエイン,椿本チエイン
6373,大同工業,大同工
6376,日機装,日機装
6378,木村化工機,木村化工
6379,レイズネクスト,レイズネクスト
6380,オリエンタルチエン工業,オリチエン工業
6381,アネスト岩田,アネスト岩田
6382,トリニティ工業,トリニ工
6383,ダイフク,ダイフク
6384,昭和真空,昭和真空
6387,サムコ,サムコ
6390,加藤製作所,加藤製
6391,加地テック,加地テック
6392,ヤマダコーポレーション,ヤマダコーポ
6393,油研工業,油研工
6395,タダノ,タダノ
6396,宇野澤組鐵工所,宇野沢鉄
6400,不二精機,不二精機
6402,兼松エンジニアリング,兼松エンジニア
6403,水道機工,水道機工
6405,鈴茂器工,鈴茂器工
6406,フジテック,フジテック
6407,ＣＫＤ,ＣＫＤ
6408,小倉クラッチ,小倉クラッチ
6411,中野冷機,中野冷機
6412,平和,平和
6413,理想科学工業,理想科学
6416,桂川電機,桂川電機
6417,ＳＡＮＫＹＯ,ＳＡＮＫＹＯ
6418,日本金銭機械,日金銭
6419,マースグループホールディングス,マースグループＨＤ
6420,ガリレイホールディングス,ガリレイ
6424,高見沢サイバネティックス,高見サイ
6425,ユニバーサルエンターテインメント,ユニバーサル
6428,オーイズミ,オーイズミ
6430,ダイコク電機,ダイコク電
6432,竹内製作所,竹内製作所
6433,ヒーハイスト,ヒーハイスト
6436,アマノ,アマノ
6440,ＪＵＫＩ,ＪＵＫＩ
6444,サンデン,サンデン
6445,ジャノメ,ジャノメ
6448,ブラザー工業,ブラザー
6454,マックス,マックス
6455,モリタホールディングス,モリタＨＤ
6457,グローリー,グローリー
6458,新晃工業,新晃工業
6459,だいわ,だいわ
6460,セガサミーホールディングス,セガサミーＨＤ
6463,ＴＰＲ,ＴＰＲ
6464,ツバキ・ナカシマ,ツバキ・ナカシマ
6465,ホシザキ,ホシザキ
6466,ＴＶＥ,ＴＶＥ
6467,ニチダイ,ニチダイ
6469,放電精密加工研究所,放電精密
6470,大豊工業,大豊工業
6471,日本精工,日本精工
6472,ＮＴＮ,ＮＴＮ
6473,ジェイテクト,ジェイテクト
6474,不二越,不二越
6479,ミネベアミツミ,ミネベアミツミ
6480,日本トムソン,日トムソン
6481,ＴＨＫ,ＴＨＫ
6482,ＹＵＳＨＩＮ,ＹＵＳＨＩＮ
6484,ＫＶＫ,ＫＶＫ
6485,前澤給装工業,前沢給装
6486,イーグル工業,イーグル工
6488,ヨシタケ,ヨシタケ
6489,前澤工業,前沢工
6490,ＰＩＬＬＡＲ,ＰＩＬＬＡＲ
6492,岡野バルブ製造,岡野バル
6493,ＮＩＴＴＡＮ,ＮＩＴＴＡＮ
6494,ＮＦＫホールディングス,ＮＦＫ－ＨＤ
6495,宮入バルブ製作所,宮入バル
6496,中北製作所,中北製作所
6497,ハマイ,ハマイ
6498,キッツ,キッツ
6501,日立製作所,日立
6503,三菱電機,三菱電
6504,富士電機,富士電機
6505,東洋電機製造,東洋電
6506,安川電機,安川電
6507,シンフォニアテクノロジー,シンフォニア
6508,明電舎,明電舎
6513,オリジン,オリジン
6516,山洋電気,山洋電気
6517,デンヨー,デンヨー
6518,三相電機,三相電機
6521,オキサイド,Ｇ－オキサイド
6522,アスタリスク,Ｇ－アスタリスク
6523,ＰＨＣホールディングス,ＰＨＣＨＤ
6524,湖北工業,湖北工業
6525,ＫＯＫＵＳＡＩ　ＥＬＥＣＴＲＩＣ,ＫＯＫＵＳＡＩ
6526,ソシオネクスト,ソシオネクスト
6527,ワカ製作所,Ｐ－ワカ製作所
6532,ベイカレント,ベイカレント
6533,Ｏｒｃｈｅｓｔｒａ　Ｈｏｌｄｉｎｇｓ,オーケストラＨＤ
6535,アイモバイル,アイモバイル
6537,ＷＡＳＨハウス,Ｇ－ＷＡＳＨハウス
6538,ディスラプターズ,ディスラプターズ
6539,ＭＳ－Ｊａｐａｎ,ＭＳ－Ｊａｐａｎ
6540,船場,船場
6542,ＦＣホールディングス,ＦＣＨＤ
6543,日宣,日宣
6544,ジャパンエレベーターサービスホールディングス,ＪＥＳＨＤ
6545,インターネットインフィニティー,Ｇ－ＩＩＦ
6546,フルテック,フルテック
6547,グリーンズ,グリーンズ
6548,旅工房,Ｇ－旅工房
6549,ディーエムソリューションズ,ディーエムソリュ
6551,ツナググループ・ホールディングス,ツナグＧＨＤ
6552,ＧａｍｅＷｉｔｈ,ＧａｍｅＷｉｔｈ
6554,エスユーエス,Ｇ－エスユーエス
6555,ＭＳ＆Ｃｏｎｓｕｌｔｉｎｇ,ＭＳコンサル
6557,ＡＩＡＩグループ,Ｇ－ＡＩＡＩ
6558,クックビズ,Ｇ－クックビズ
6560,エル・ティー・エス,ＬＴＳ
6561,ＨＡＮＡＴＯＵＲ　ＪＡＰＡＮ,Ｇ－ＨＡＮＡＴＯＵＲ
6562,ジーニー,Ｇ－ジーニー
6563,みらいワークス,Ｇ－みらいワークス
6564,ミダックホールディングス,ミダックＨＤ
6565,ＡＢホテル,ＡＢホテル
6566,要興業,要興業
6568,神戸天然物化学,Ｇ－神戸天然物化学
6570,共和コーポレーション,共和コーポレーション
6571,キュービーネットホールディングス,キュービーネットＨＤ
6572,オープングループ,オープンＧ
6573,ＣＲＡＶＩＡ,Ｇ－ＣＲＡＶＩＡ
6574,コンヴァノ,Ｇ－コンヴァノ
6576,揚工舎,Ｐ－揚工舎
6577,ベストワンドットコム,Ｇ－ベストワンドット
6578,コレックホールディングス,コレックＨＤ
6579,ログリー,Ｇ－ログリー
6580,ライトアップ,Ｇ－ライトアップ
6584,三櫻工業,三桜工
6586,マキタ,マキタ
6588,東芝テック,東芝テック
6590,芝浦メカトロニクス,芝浦
6592,マブチモーター,マブチモーター
6594,ニデック,ニデック
6596,筑波精工,Ｐ－筑波精工
6597,ＨＰＣシステムズ,Ｇ－ＨＰＣシステムズ
6599,エブレン,エブレン
6612,バルミューダ,Ｇ－バルミューダ
6613,ＱＤレーザ,Ｇ－ＱＤレーザ
6614,シキノハイテック,シキノハイテック
6615,ユー・エム・シー・エレクトロニクス,ＵＭＣエレ
6616,トレックス・セミコンダクター,トレックスセミ
6617,東光高岳,東光高岳
6619,ダブル・スコープ,ＷＳＣＯＰＥ
6620,宮越ホールディングス,宮越ＨＤ
6622,ダイヘン,ダイヘン
6625,ＪＡＬＣＯホールディングス,ＪＡＬＣＯ　ＨＤ
6626,ＳＥＭＩＴＥＣ,ＳＥＭＩＴＥＣ
6627,テラプローブ,テラプローブ
6629,テクノホライゾン,テクノホライゾン
6630,ヤーマン,ヤーマン
6632,ＪＶＣケンウッド,ＪＶＣＫＷ
6633,ＣＧＳホールディングス,ＣＧＳＨＤ
6634,ＪＮグループ,ＪＮグループ
6635,大日光・エンジニアリング,大日光
6637,寺崎電気産業,寺崎電気
6638,ミマキエンジニアリング,Ｍｉｍａｋｉ
6643,戸上電機製作所,戸上電
6644,大崎電気工業,大崎電
6645,オムロン,オムロン
6647,森尾電機,森尾電
6648,かわでん,かわでん
6651,日東工業,日東工
6652,ＩＤＥＣ,ＩＤＥＣ
6653,正興電機製作所,正興電機製作所
6654,不二電機工業,不二電機工業
6656,インスペック,ＩＮＳＰＥＣ
6658,シライ電子工業,シライ電子
6659,メディアリンクス,メディアリンクス
6662,ユビテック,ユビテック
6663,太洋テクノレックス,太洋テクノレックス
6664,オプトエレクトロニクス,オプトエレクト
6666,リバーエレテック,リバーエレテク
6668,アドテック　プラズマ　テクノロジー,アドテック　プラズマ
6670,ＭＣＪ,ＭＣＪ
6674,ジーエス・ユアサ　コーポレーション,ＧＳユアサ
6675,サクサ,サクサ
6676,ＢＵＦＦＡＬＯ,ＢＵＦＦＡＬＯ
6677,エスケーエレクトロニクス,エスケーエレク
6678,テクノメディカ,テクノメディカ
6694,ズーム,ズーム
6695,キャストリコ,Ｐ－キャストリコ
6696,トラース・オン・プロダクト,Ｇ－トラースＯＰ
6699,ダイヤモンドエレクトリックホールディングス,ダイヤＨＤ
6701,日本電気,ＮＥＣ
6702,富士通,富士通
6703,沖電気工業,ＯＫＩ
6706,電気興業,電気興
6707,サンケン電気,サンケン電
6718,アイホン,アイホン
6721,ウインテスト,ウインテスト
6723,ルネサスエレクトロニクス,ルネサス
6724,セイコーエプソン,エプソン
6727,ワコム,ワコム
6728,アルバック,アルバック
6730,アクセル,アクセル
6731,ピクセラ,ピクセラ
6734,ニューテック,ニューテック
6736,サン電子,サン電子
6737,ＥＩＺＯ,ＥＩＺＯ
6740,ジャパンディスプレイ,ＪＤＩ
6741,日本信号,日信号
6742,京三製作所,京三製
6743,大同信号,大同信号
6744,能美防災,能美防災
6745,ホーチキ,ホーチキ
6748,星和電機,星和電機
6750,エレコム,エレコム
6752,パナソニック　ホールディングス,パナソニックＨＤ
6753,シャープ,シャープ
6754,アンリツ,アンリツ
6755,富士通ゼネラル,富士通ゼ
6757,ＯＳＧコーポレーション,ＯＳＧコーポ
6758,ソニーグループ,ソニーグループ
6762,ＴＤＫ,ＴＤＫ
6763,帝国通信工業,帝通工
6768,タムラ製作所,タムラ製
6769,ザインエレクトロニクス,ザイン
6770,アルプスアルパイン,アルプスアルパイン
6771,池上通信機,池上通
6772,東京コスモス電機,コスモス電
6775,ＴＢグループ,ＴＢグループ
6776,天昇電気工業,天昇電
6777,ｓａｎｔｅｃ　Ｈｏｌｄｉｎｇｓ,ｓａｎｔｅｃＨＤ
6778,アルチザネットワークス,アルチザ
6779,日本電波工業,日電波
6785,鈴木,鈴木
6786,ＲＶＨ,ＲＶＨ
6787,メイコー,メイコー
6788,日本トリム,日本トリム
6794,フォスター電機,フォスター電
6798,ＳＭＫ,ＳＭＫ
6800,ヨコオ,ヨコオ
6803,ティアック,ティアック
6804,ホシデン,ホシデン
6806,ヒロセ電機,ヒロセ電
6807,日本航空電子工業,航空電子
6809,ＴＯＡ,ＴＯＡ
6810,マクセル,マクセル
6814,古野電気,古野電気
6817,スミダコーポレーション,スミダ
6819,伊豆シャボテンリゾート,伊豆シャボテンＲ
6820,アイコム,アイコム
6822,大井電気,大井電気
6823,リオン,リオン
6824,新コスモス電機,新コスモス
6832,アオイ電子,アオイ電子
6834,精工技研,精工技研
6835,アライドテレシスホールディングス,アライドＨＤ
6836,ぷらっとホーム,プラット
6837,京写,京写
6838,多摩川ホールディングス,多摩川ＨＤ
6840,ＡＫＩＢＡホールディングス,ＡＫＩＢＡ
6841,横河電機,横河電
6844,新電元工業,新電元
6845,アズビル,アズビル
6848,東亜ディーケーケー,東亜ディーケーケー
6849,日本光電工業,日本光電
6850,チノー,チノー
6853,共和電業,共和電
6855,日本電子材料,電子材料
6856,堀場製作所,堀場製
6857,アドバンテスト,アドバンテス
6858,小野測器,小野測器
6859,エスペック,エスペック
6861,キーエンス,キーエンス
6862,ミナトホールディングス,ミナトＨＤ
6863,ニレコ,ニレコ
6864,エヌエフホールディングス,エヌエフＨＤ
6866,日置電機,日置電
6867,リーダー電子,リーダ電子
6869,シスメックス,シスメックス
6870,日本フェンオール,日本フェンオール
6871,日本マイクロニクス,日マイクロニクス
6874,協立電機,協立電機
6875,メガチップス,メガチップス
6877,ＯＢＡＲＡ　ＧＲＯＵＰ,ＯＢＡＲＡ－Ｇ
6879,ＩＭＡＧＩＣＡ　ＧＲＯＵＰ,ＩＭＡＧＩＣＡ　Ｇ
6882,三社電機製作所,三社電機製作所
6888,アクモス,アクモス
6890,フェローテック,フェローテック
6894,パルステック工業,パルステック
6897,ツインバード,ツインバード
6898,トミタ電機,トミタ電機
6899,ＡＳＴＩ,ＡＳＴＩ
6901,澤藤電機,沢藤電
6902,デンソー,デンソー
6904,原田工業,原田工業
6905,コーセル,コーセル
6907,ジオマテック,ジオマテック
6908,イリソ電子工業,イリソ電子工業
6912,菊水ホールディングス,菊水ＨＤ
6914,オプテックスグループ,オプテックスグループ
6915,千代田インテグレ,千代インテ
6918,アバールデータ,アバール
6919,ケル,ケル
6920,レーザーテック,レーザーテック
6923,スタンレー電気,スタンレー電
6925,ウシオ電機,ウシオ電
6926,岡谷電機産業,ＯＫＡＹＡ
6927,ヘリオス　テクノ　ホールディング,ヘリオステクノＨ
6928,エノモト,エノモト
6929,日本セラミック,日セラミック
6930,日本アンテナ,日本アンテナ
6932,遠藤照明,遠藤照明
6937,古河電池,古河電池
6941,山一電機,山一電機
6942,ソフィアホールディングス,ソフィアＨＤ
6943,ＮＫＫスイッチズ,ＮＫＫ
6946,日本アビオニクス,日アビオ
6947,図研,図研
6951,日本電子,日電子
6952,カシオ計算機,カシオ計
6954,ファナック,ファナック
6955,ＦＤＫ,ＦＤＫ
6957,芝浦電子,芝浦電子
6958,日本シイエムケイ,ＣＭＫ
6960,フクダ電子,フクダ電子
6961,エンプラス,エンプラス
6962,大真空,大真空
6963,ローム,ローム
6964,サンコー,サンコー
6965,浜松ホトニクス,浜松ホトニク
6966,三井ハイテック,三井ハイテク
6969,松尾電機,松尾電機
6971,京セラ,京セラ
6973,協栄産業,協栄産
6976,太陽誘電,太陽誘電
6977,日本抵抗器製作所,日抵抗器
6981,村田製作所,村田製
6982,リード,リード
6986,双葉電子工業,双葉電子
6988,日東電工,日東電
6989,北陸電気工業,北電工業
6993,大黒屋ホールディングス,大黒屋
6994,指月電機製作所,指月電
6995,東海理化電機製作所,東海理電
6996,ニチコン,ニチコン
6997,日本ケミコン,日ケミコン
6998,日本タングステン,日タングス
6999,ＫＯＡ,ＫＯＡ
7003,三井Ｅ＆Ｓ,三井Ｅ＆Ｓ
7004,カナデビア,カナデビア
7011,三菱重工業,三菱重
7012,川崎重工業,川崎重
7013,ＩＨＩ,ＩＨＩ
7014,名村造船所,名村造船
7018,内海造船,内海造
7021,ニッチツ,ニッチツ
7022,サノヤスホールディングス,サノヤスＨＤ
7030,スプリックス,スプリックス
7031,インバウンドテック,Ｇ－インバウンド
7033,マネジメントソリューションズ,ＭＳＯＬ
7034,プロレド・パートナーズ,プロレドパートナーズ
7035,ａｎｄ　ｆａｃｔｏｒｙ,ａｎｆａｃ
7036,イーエムネットジャパン,Ｇ－イーエムネットＪ
7037,テノ．ホールディングス,テノ．
7038,フロンティア・マネジメント,フロンティアＭ
7039,ブリッジインターナショナルグループ,Ｇ－ブリッジグループ
7040,サン・ライフホールディング,サン・ライフＨＤ
7041,ＣＲＧホールディングス,Ｇ－ＣＲＧＨＤ
7042,アクセスグループ・ホールディングス,アクセスグループ
7043,アルー,Ｇ－アルー
7044,ピアラ,ピアラ
7046,ＴＤＳＥ,Ｇ－ＴＤＳＥ
7047,ポート,Ｇ－ポート
7048,ベルトラ,Ｇ－ベルトラ
7049,識学,Ｇ－識学
7050,フロンティアインターナショナル,Ｇ－フロンティアＩ
7056,マルク,Ｐ－マルク
7057,エヌ・シー・エヌ,エヌ・シー・エヌ
7058,共栄セキュリティーサービス,共栄セキュリティ
7059,コプロ・ホールディングス,コプロＨＤ
7060,ギークス,ギークス
7061,日本ホスピスホールディングス,Ｇ－日本ホスピス
7062,フレアス,Ｇ－フレアス
7063,Ｂｉｒｄｍａｎ,Ｇ－Ｂｉｒｄｍａｎ
7064,ハウテレビジョン,ハウテレビジョン
7065,ユーピーアール,ユーピーアール
7066,ピアズ,Ｇ－ピアズ
7067,ブランディングテクノロジー,Ｇ－ブランディング
7068,フィードフォースグループ,Ｇ－ＦフォースＧ
7069,サイバー・バズ,Ｇ－サイバー・バズ
7071,アンビスホールディングス,アンビス
7072,インティメート・マージャー,Ｇ－インテＭ
7073,ジェイック,Ｇ－ジェイック
7074,トゥエンティーフォーセブンホールディングス,Ｇ－２４７ＨＤ
7077,ＡＬｉＮＫインターネット,Ｇ－ＡＬｉＮＫ
7078,ＩＮＣＬＵＳＩＶＥ　Ｈｏｌｄｉｎｇｓ,Ｇ－ＩＮＣ　ＨＤ
7079,ＷＤＢココ,Ｇ－ＷＤＢココ
7080,スポーツフィールド,Ｇ－スポーツフィール
7081,コーユーレンティア,レンティア
7082,ジモティー,Ｇ－ジモティー
7083,ＡＨＣグループ,Ｇ－ＡＨＣグループ
7084,Ｓｍｉｌｅ　Ｈｏｌｄｉｎｇｓ,Ｇ－ＳｍｉｌｅＨＤ
7085,カーブスホールディングス,カーブスＨＤ
7087,ウイルテック,ウイルテック
7088,フォーラムエンジニアリング,フォーラムエンジニア
7089,フォースタートアップス,Ｇ－フォースタ
7090,リグア,Ｇ－リグア
7091,リビングプラットフォーム,Ｇ－ＬＰＦ
7092,Ｆａｓｔ　Ｆｉｔｎｅｓｓ　Ｊａｐａｎ,ＦＦＪ
7093,アディッシュ,Ｇ－アディッシュ
7094,ＮｅｘＴｏｎｅ,Ｇ－ＮｅｘＴｏｎｅ
7095,Ｍａｃｂｅｅ　Ｐｌａｎｅｔ,ＭａｃｂｅｅＰ
7096,ステムセル研究所,Ｇ－ステムセル研究所
7097,さくらさくプラス,Ｇ－さくらさく
7098,エージェント,Ｐ－エージェント
7102,日本車輌製造,日車輌
7105,三菱ロジスネクスト,三菱ロジスネクスト
7110,クラシコム,Ｇ－クラシコム
7111,ＩＮＥＳＴ,ＩＮＥＳＴ
7112,キューブ,Ｇ－キューブ
7114,フーディソン,Ｇ－フーディソン
7115,アルファパーチェス,アルファパーチェス
7116,ダイワ通信,ダイワ通信
7117,ミモナ,Ｐ－ミモナ
7119,ハルメクホールディングス,Ｇ－ハルメクＨＤ
7120,ＳＨＩＮＫＯ,ＳＨＩＮＫＯ
7122,近畿車輛,近畿車輌
7126,グローバルスタイル,グローバルスタイル
7127,一家ホールディングス,一家ホールディングス
7128,ユニソルホールディングス,ユニソルＨＤ
7129,ミアヘルサホールディングス,ミアヘルサＨＤ
7130,ヤマエグループホールディングス,ヤマエグループＨＤ
7131,のむら産業,のむら産業
7132,フローバル,Ｐ－フローバル
7133,ＨＹＵＧＡ　ＰＲＩＭＡＲＹ　ＣＡＲＥ,Ｇ－ヒュウガプライマ
7134,アップガレージグループ,アップガレージＧ
7135,ジャパンクラフトホールディングス,ジャパンクラフトＨＤ
7136,ウェルビングループ,Ｐ－ウェルビンＧ
7137,グラントマト,Ｐ－グラントマト
7138,ＴＯＲＩＣＯ,Ｇ－ＴＯＲＩＣＯ
7139,東京高圧山崎,Ｐ－東京高圧
7140,ペットゴー,Ｇ－ペットゴー
7148,ＦＰＧ,ＦＰＧ
7150,島根銀行,島根銀行
7157,ライフネット生命保険,ライフネット生命
7161,じもとホールディングス,じもとＨＤ
7162,アストマックス,アストマックス
7163,住信ＳＢＩネット銀行,住信ＳＢＩネット銀
7164,全国保証,全国保証
7167,めぶきフィナンシャルグループ,めぶきＦＧ
7170,中央インターナショナルグループ,Ｐ－中央グループ
7172,ジャパンインベストメントアドバイザー,ＪＩＡ
7173,東京きらぼしフィナンシャルグループ,東京きらぼしＦＧ
7175,今村証券,今村証券
7176,シンプレクス・ファイナンシャル・ホールディングス,Ｐ－シンプレクスＦＨ
7177,ＧＭＯフィナンシャルホールディングス,ＧＭＯＦＨＤ
7180,九州フィナンシャルグループ,九州ＦＧ
7181,かんぽ生命保険,かんぽ生命保険
7182,ゆうちょ銀行,ゆうちょ銀行
7183,あんしん保証,あんしん保証
7184,富山第一銀行,富山第一銀行
7185,ヒロセ通商,ヒロセ通商
7186,横浜フィナンシャルグループ,横浜ＦＧ
7187,ジェイリース,ジェイリース
7189,西日本フィナンシャルホールディングス,西日本ＦＨ
7191,イントラスト,イントラスト
7192,日本モーゲージサービス,日本モーゲージＳ
7196,Ｃａｓａ,Ｃａｓａ
7198,ＳＢＩアルヒ,ＳＢＩアルヒ
7199,プレミアグループ,プレミアグループ
7201,日産自動車,日産自
7202,いすゞ自動車,いすゞ自
7203,トヨタ自動車,トヨタ自
7205,日野自動車,日野自
7208,カネミツ,カネミツ
7211,三菱自動車工業,三菱自
7212,エフテック,エフテック
7213,レシップホールディングス,レシップＨＤ
7214,ＧＭＢ,ＧＭＢ
7215,ファルテック,ファルテック
7217,テイン,テイン
7218,田中精密工業,田中精密
7219,エッチ・ケー・エス,ＨＫＳ
7220,武蔵精密工業,武蔵精密
7222,日産車体,日産車体
7224,新明和工業,新明和工
7226,極東開発工業,極東開
7228,デイトナ,デイトナ
7229,ユタカ技研,ユタカ技研
7231,トピー工業,トピー工
7235,東京ラヂエーター製造,東ラヂエタ
7236,ティラド,ティラド
7238,曙ブレーキ工業,曙ブレーキ
7239,タチエス,タチエス
7240,ＮＯＫ,ＮＯＫ
7241,フタバ産業,フタバ産
7242,カヤバ,カヤバ
7244,市光工業,市光工
7245,大同メタル工業,大同メタル
7246,プレス工業,プレス工
7247,ミクニ,ミクニ
7250,太平洋工業,太平洋工
7254,ユニバンス,ユニバンス
7255,桜井製作所,桜井製作
7256,河西工業,河西工
7259,アイシン,アイシン
7261,マツダ,マツダ
7264,ムロコーポレーション,ＭＵＲＯ
7265,エイケン工業,エイケン工業
7266,今仙電機製作所,今仙電機
7267,本田技研工業,ホンダ
7269,スズキ,スズキ
7270,ＳＵＢＡＲＵ,ＳＵＢＡＲＵ
7271,安永,安永
7272,ヤマハ発動機,ヤマハ発
7273,イクヨ,イクヨ
7276,小糸製作所,小糸製
7277,ＴＢＫ,ＴＢＫ
7278,エクセディ,エクセディ
7279,ハイレックスコーポレーション,ハイレックス
7280,ミツバ,ミツバ
7282,豊田合成,豊田合
7283,愛三工業,愛三工
7284,盟和産業,盟和産
7287,日本精機,日本精機
7291,日本プラスト,日本プラスト
7292,村上開明堂,村上開明
7294,ヨロズ,ヨロズ
7296,エフ・シー・シー,ＦＣＣ
7297,カーメイト,カーメイト
7299,フジオーゼックス,フジオーゼ
7305,新家工業,新家工
7309,シマノ,シマノ
7313,テイ・エス　テック,ＴＳテック
7314,小田原機器,小田原機
7317,松屋アールアンドディ,Ｇ－松屋Ｒ＆Ｄ
7318,セレンディップ・ホールディングス,Ｇ－セレンディップ
7320,Ｓｏｌｖｖｙ,Ｇ－Ｓｏｌｖｖｙ
7322,三十三フィナンシャルグループ,３３ＦＧ
7325,アイリックコーポレーション,Ｇ－アイリック
7326,ＳＢＩインシュアランスグループ,Ｇ－ＳＢＩインシュ
7327,第四北越フィナンシャルグループ,第四北越ＦＧ
7337,ひろぎんホールディングス,ひろぎんＨＤ
7343,ブロードマインド,Ｇ－ブロードマインド
7345,アイ・パートナーズフィナンシャル,Ｇ－アイパートナーズ
7347,マーキュリアホールディングス,マーキュリアＨＤ
7350,おきなわフィナンシャルグループ,おきなわＦＧ
7351,グッドパッチ,Ｇ－グッドパッチ
7352,ＴＷＯＳＴＯＮＥ＆Ｓｏｎｓ,Ｇ－ＴＷＯＳＴＯＮＥ
7353,ＫＩＹＯラーニング,Ｇ－ＫＩＹＯ
7354,ダイレクトマーケティングミックス,ＤｍＭｉＸ
7355,一寸房,Ｐ－一寸房
7356,Ｒｅｔｔｙ,Ｇ－Ｒｅｔｔｙ
7357,ジオコード,ジオコード
7358,ポピンズ,ポピンズ
7359,東京通信グループ,Ｇ－東京通信Ｇ
7360,オンデック,Ｇ－オンデック
7361,ヒューマンクリエイションホールディングス,Ｇ－ＨＣＨ
7362,Ｔ．Ｓ．Ｉ,Ｇ－Ｔ．Ｓ．Ｉ
7363,ベビーカレンダー,Ｇ－ベビーカレンダー
7364,琉球アスティーダスポーツクラブ,Ｐ－琉球アスティーダ
7366,ＬＩＴＡＬＩＣＯ,ＬＩＴＡＬＩＣＯ
7367,セルム,セルム
7368,表示灯,表示灯
7369,メイホーホールディングス,Ｇ－メイホーＨＤ
7370,Ｅｎｊｉｎ,Ｇ－Ｅｎｊｉｎ
7371,Ｚｅｎｋｅｎ,Ｇ－Ｚｅｎｋｅｎ
7372,デコルテ・ホールディングス,Ｇ－デコルテＨＤ
7373,アイドマ・ホールディングス,Ｇ－アイドマＨＤ
7374,コンフィデンス・インターワークス,Ｇ－コンフィデンスＩ
7375,リファインバースグループ,Ｇ－リファインバスＧ
7376,ＢＣＣ,Ｇ－ＢＣＣ
7377,ＤＮホールディングス,ＤＮホールディングス
7378,アシロ,Ｇ－アシロ
7379,サーキュレーション,Ｇ－サーキュ
7380,十六フィナンシャルグループ,十六ＦＧ
7381,ＣＣＩグループ,ＣＣＩグループ
7383,ネットプロテクションズホールディングス,ネットプロＨＤ
7384,プロクレアホールディングス,プロクレアＨＤ
7388,ＦＰパートナー,ＦＰパートナー
7389,あいちフィナンシャルグループ,あいちＦＧ
7399,ナンシン,ナンシン
7409,ＡｅｒｏＥｄｇｅ,Ｇ－ＡｅｒｏＥｄｇｅ
7412,アトム,アトム
7413,創健社,創健社
7414,小野建,小野建
7416,はるやまホールディングス,はるやまＨＤ
7417,南陽,南陽
7419,ノジマ,ノジマ
7420,佐鳥電機,佐鳥電機
7421,カッパ・クリエイト,カッパ・クリエイト
7422,東邦レマック,東邦レマック
7425,初穂商事,初穂商事
7426,山大,山大
7427,エコートレーディング,エコーＴＤ
7433,伯東,伯東
7434,オータケ,オータケ
7435,ナ・デックス,ナ・デックス
7438,コンドーテック,コンドーテック
7442,中山福,中山福
7443,横浜魚類,横浜魚類
7444,ハリマ共和物産,ハリマ共和物産
7445,ライトオン,ライトオン
7446,東北化学薬品,東北化学
7447,ナガイレーベン,ナガイレーベ
7450,サンデー,サンデー
7451,三菱食品,三菱食品
7453,良品計画,良品計画
7455,パリミキホールディングス,パリミキＨＤ
7456,松田産業,松田産
7458,第一興商,第一興商
7459,メディパルホールディングス,メディパル
7460,ヤギ,ヤギ
7461,キムラ,キムラ
7462,ＣＡＰＩＴＡ,ＣＡＰＩＴＡ
7463,アドヴァングループ,アドヴァングループ
7464,セフテック,セフテック
7466,ＳＰＫ,ＳＰＫ
7467,萩原電気ホールディングス,萩原電気ＨＤ
7472,鳥羽洋行,鳥羽洋行
7475,アルビス,アルビス
7476,アズワン,アズワン
7477,ムラキ,ムラキ
7480,スズデン,スズデン
7481,尾家産業,尾家産
7482,シモジマ,シモジマ
7483,ドウシシャ,ドウシシャ
7486,サンリン,サンリン
7487,小津産業,小津産業
7490,日新商事,日新商
7494,コナカ,コナカ
7500,西川計測,西川計測
7501,ティムコ,ティムコ
7502,プラザホールディングス,プラザＨＤ
7504,高速,高速
7505,扶桑電通,扶桑電通
7506,ハウス　オブ　ローゼ,ハウスローゼ
7508,Ｇ‐７ホールディングス,ＧセブンＨＤ
7509,アイエーグループ,アイエーＧ
7510,たけびし,たけびし
7512,イオン北海道,イオン北海
7513,コジマ,コジマ
7514,ヒマラヤ,ヒマラヤ
7515,マルヨシセンター,マルヨシセンター
7516,コーナン商事,コーナン商
7520,エコス,エコス
7521,ムサシ,ムサシ
7522,ワタミ,ワタミ
7523,アールビバン,アールビバン
7524,マルシェ,マルシェ
7525,リックス,リックス
7527,システムソフト,システムソフト
7531,清和中央ホールディングス,清和中央
7532,パン・パシフィック・インターナショナルホールディングス,パンパシフィックＨＤ
7537,丸文,丸文
7538,大水,大水
7539,アイナボホールディングス,アイナボＨＤ
7544,スリーエフ,スリーエフ
7545,西松屋チェーン,西松屋チェ
7550,ゼンショーホールディングス,ゼンショーＨＤ
7551,ウェッズ,ウェッズ
7552,ハピネット,ハピネット
7554,幸楽苑,幸楽苑
7555,大田花き,大田花き
7561,ハークスレイホールディングス,ハークスレイＨＤ
7562,安楽亭,安楽亭
7564,ワークマン,ワークマン
7565,萬世電機,萬世電機
7567,栄電子,栄電子
7570,橋本総業ホールディングス,橋本総業ＨＤ
7571,ヤマノホールディングス,ヤマノＨＤ
7575,日本ライフライン,日本ライフライン
7578,ニチリョク,ニチリョク
7581,サイゼリヤ,サイゼリヤ
7585,かんなん丸,かんなん
7590,タカショー,タカショー
7593,ＶＴホールディングス,ＶＴＨＤ
7595,アルゴグラフィックス,アルゴグラフ
7596,魚力,魚力
7599,ＩＤＯＭ,ＩＤＯＭ
7600,日本エム・ディ・エム,ＭＤＭ
7601,ポプラ,ポプラ
7602,レダックス,レダックス
7603,ジーイエット,ジーイエット
7604,梅の花グループ,梅の花グループ
7605,フジ・コーポレーション,フジコーポレーション
7606,ユナイテッドアローズ,Ｕアローズ
7607,進和,進和
7608,エスケイジャパン,ＳＫジャパン
7609,ダイトロン,ダイトロン
7610,テイツー,テイツー
7611,ハイデイ日高,ハイデ日高
7613,シークス,シークス
7614,オーエムツーネットワーク,オーエムツー
7615,京都きもの友禅ホールディングス,京都きもの友禅ＨＤ
7616,コロワイド,コロワイド
7619,田中商事,田中商事
7621,うかい,うかい
7623,サンオータス,サンオータス
7624,ＮａＩＴＯ,ＮａＩＴＯ
7625,グローバルダイニング,Ｇダイニング
7628,オーハシテクニカ,オーハシテクニカ
7630,壱番屋,壱番屋
7634,星医療酸器,星医療
7635,杉田エース,杉田エース
7636,ハンズマン,ハンズマン
7637,白銅,白銅
7638,ＮＥＷ　ＡＲＴ　ＨＯＬＤＩＮＧＳ,ＮＥＷ　ＡＲＴ
7640,トップカルチャー,トップカルチャ
7643,ダイイチ,ダイイチ
7646,ＰＬＡＮＴ,ＰＬＡＮＴ
7649,スギホールディングス,スギＨＤ
7670,オーウエル,オーウエル
7673,ダイコー通産,ダイコー通産
7674,ＮＡＴＴＹ　ＳＷＡＮＫＹホールディングス,Ｇ－ＮＡＴＴＹＨＤ
7677,ヤシマキザイ,ヤシマキザイ
7678,あさくま,あさくま
7679,薬王堂ホールディングス,薬王堂ＨＤ
7680,軽自動車館,Ｐ－軽自動車館
7681,レオクラン,レオクラン
7682,浜木綿,浜木綿
7683,ダブルエー,ダブルエー
7685,ＢｕｙＳｅｌｌ　Ｔｅｃｈｎｏｌｏｇｉｅｓ,Ｇ－ＢＵＹＳＥＬＬ
7686,ひとまいる,ひとまいる
7687,ミクリード,Ｇ－ミクリード
7689,コパ・コーポレーション,Ｇ－コパ
7690,カレント自動車,Ｐ－カレント自動車
7691,Ｃ　Ｃｈａｎｎｅｌ,Ｐ－ＣＣｈａｎ
7692,アースインフィニティ,Ｅインフィニティ
7693,北海道歯科産業,Ｐ－北海道歯科産業
7694,いつも,Ｇ－いつも
7695,交換できるくん,Ｇ－交換できるくん
7698,アイスコ,アイスコ
7699,オムニ・プラス・システム・リミテッド,Ｇ－ＯＰＳ
7701,島津製作所,島津製
7702,ＪＭＳ,ＪＭＳ
7707,プレシジョン・システム・サイエンス,Ｇ－ＰＳＳ
7709,クボテック,クボテック
7711,助川電気工業,助川電気
7713,シグマ光機,シグマ光機
7715,長野計器,長野計器
7716,ナカニシ,ナカニシ
7717,ブイ・テクノロジー,Ｖテク
7718,スター精密,スター精密
7719,東京衡機,東京衡機
7721,東京計器,東京計器
7722,国際計測器,国際計測
7723,愛知時計電機,愛知時
7725,インターアクション,インターアクション
7726,黒田精工,黒田精工
7727,オーバル,オーバル
7729,東京精密,東精密
7730,マニー,マニー
7731,ニコン,ニコン
7732,トプコン,トプコン
7733,オリンパス,オリンパス
7734,理研計器,理計器
7735,ＳＣＲＥＥＮホールディングス,スクリン
7739,キヤノン電子,キヤノン電子
7740,タムロン,タムロン
7741,ＨＯＹＡ,ＨＯＹＡ
7743,シード,シード
7744,ノーリツ鋼機,ノーリツ鋼機
7745,Ａ＆Ｄホロンホールディングス,Ａ＆ＤホロンＨＤ
7746,岡本硝子,岡本硝子
7747,朝日インテック,アサヒインテック
7749,メディキット,メディキット
7751,キヤノン,キヤノン
7752,リコー,リコー
7760,ＩＭＶ,ＩＭＶ
7762,シチズン時計,シチズン時計
7769,リズム,リズム
7771,日本精密,日本精密
7774,ジャパン・ティッシュエンジニアリング,Ｇ－Ｊ・ＴＥＣ
7775,大研医器,大研医器
7776,セルシード,Ｇ－セルシード
7777,スリー・ディー・マトリックス,Ｇ－３Ｄマトリックス
7779,ＣＹＢＥＲＤＹＮＥ,Ｇ－サイバダイン－議
7780,メニコン,メニコン
7781,平山ホールディングス,平山
7782,シンシア,シンシア
7791,ドリームベッド,ドリームベッド
7792,コラントッテ,Ｇ－コラントッテ
7793,イメージ・マジック,Ｇ－イメージマジック
7794,イーディーピー,Ｇ－イーディーピー
7795,ＫＹＯＲＩＴＳＵ,ＫＹＯＲＩＴＳＵ
7800,アミファ,アミファ
7803,ブシロード,Ｇ－ブシロード
7804,ビーアンドピー,ビーアンドピー
7805,プリントネット,プリントネット
7806,ＭＴＧ,Ｇ－ＭＴＧ
7807,幸和製作所,幸和製作所
7808,シー・エス・ランバー,ＣＳランバー
7809,壽屋,壽屋
7810,クロスフォー,クロスフォー
7811,中本パックス,中本パックス
7812,クレステック,クレステック
7813,プラッツ,プラッツ
7814,日本創発グループ,日本創発Ｇ
7815,東京ボード工業,東京ボード工業
7817,パラマウントベッドホールディングス,パラベッド
7818,トランザクション,トランザクション
7819,粧美堂,粧美堂
7820,ニホンフラッシュ,ニホンフラッシュ
7821,前田工繊,前田工繊
7822,永大産業,永大産業
7823,アートネイチャー,アートネイチャー
7826,フルヤ金属,フルヤ金属
7827,オービス,オービス
7831,ウイルコホールディングス,ウイルコＨＤ
7832,バンダイナムコホールディングス,バンダイナムコ
7833,アイフィスジャパン,アイフィスジャパン
7836,アビックス,アビックス
7837,アールシーコア,アールシーコア
7839,ＳＨＯＥＩ,ＳＨＯＥＩ
7840,フランスベッドホールディングス,フラベッドＨ
7841,遠藤製作所,遠藤製作
7844,マーベラス,マーベラス
7846,パイロットコーポレーション,パイロット
7847,グラファイトデザイン,グラファイトＤ
7849,スターツ出版,スターツ出版
7850,総合商研,総合商研
7851,カワセコンピュータサプライ,カワセコンピュ
7856,萩原工業,萩原工業
7857,セキ,セキ
7859,アルメディオ,アルメディオ
7860,エイベックス,エイベックス
7863,平賀,平賀
7864,フジシールインターナショナル,フジシール
7865,ピープル,ピープル
7867,タカラトミー,タカラトミー
7868,広済堂ホールディングス,広済堂ＨＤ
7871,フクビ化学工業,フクビ化学工業
7872,エステールホールディングス,エステールＨＤ
7874,レック,レック
7875,竹田ｉＰホールディングス,竹田ｉＰ
7877,永大化工,永大化工
7878,光・彩,光・彩
7879,ノダ,ノダ
7883,サンメッセ,サンメッセ
7885,タカノ,タカノ
7886,ヤマト　モビリティ　＆　Ｍｆｇ．,ヤマトモビＭｆｇ
7887,南海プライウッド,南海プライウッド
7888,三光合成,三光合成
7893,プロネクサス,プロネクサス
7896,セブン工業,セブン工
7897,ホクシン,ホクシン
7898,ウッドワン,ウッドワン
7901,マツモト,マツモト
7902,ソノコム,ソノコム
7906,ヨネックス,ヨネックス
7908,きもと,ＫＩＭＯＴＯ
7911,ＴＯＰＰＡＮホールディングス,ＴＯＰＰＡＮ　ＨＤ
7912,大日本印刷,大日印
7914,共同印刷,共同印
7915,ＮＩＳＳＨＡ,ＮＩＳＳＨＡ
7916,光村印刷,光村印
7917,ＺＡＣＲＯＳ,ＺＡＣＲＯＳ
7918,ヴィア・ホールディングス,ヴィアＨＤ
7919,野崎印刷紙業,野崎印
7921,ＴＡＫＡＲＡ　＆　ＣＯＭＰＡＮＹ,ＴＡＫＡＲＡ＆ＣＯ
7922,三光産業,三光産業
7923,トーイン,トーイン
7925,前澤化成工業,前沢化成
7927,ムトー精工,ムトー精工
7928,旭化学工業,旭化学
7931,未来工業,未来工業
7932,ニッピ,ニッピ
7936,アシックス,アシックス
7937,ツツミ,ツツミ
7938,リーガルコーポレーション,リーガル
7939,研創,研創
7940,ウェーブロックホールディングス,ウェーブロックＨＤ
7942,ＪＳＰ,ＪＳＰ
7943,ニチハ,ニチハ
7944,ローランド,ローランド
7946,光陽社,光陽社
7947,エフピコ,エフピコ
7949,小松ウオール工業,小松ウオール
7951,ヤマハ,ヤマハ
7952,河合楽器製作所,河合楽器
7953,菊水化学工業,菊水化学工業
7955,クリナップ,クリナップ
7956,ピジョン,ピジョン
7957,フジコピアン,フジコピアン
7958,天馬,天馬
7962,キングジム,キングジム
7963,興研,興研
7965,象印マホービン,象印マホービン
7966,リンテック,リンテック
7970,信越ポリマー,信越ポリマ
7971,東リ,東リ
7972,イトーキ,イトーキ
7974,任天堂,任天堂
7975,リヒトラブ,リヒトラブ
7976,三菱鉛筆,三菱鉛筆
7979,松風,松風
7980,重松製作所,重松製作
7981,タカラスタンダード,タカラスタン
7983,ミロク,ミロク
7984,コクヨ,コクヨ
7985,ネポン,ネポン
7986,日本アイ・エス・ケイ,日本アイエスケイ
7987,ナカバヤシ,ナカバヤシ
7988,ニフコ,ニフコ
7989,立川ブラインド工業,立川ブライ
7990,グローブライド,グローブライド
7991,マミヤ・オーピー,マミヤオーピー
7992,セーラー万年筆,セーラー
7994,オカムラ,オカムラ
7995,バルカー,バルカー
7997,くろがね工作所,くろがね工作所
7999,ＭＵＴＯＨホールディングス,ＭＵＴＯＨ－ＨＤ
8001,伊藤忠商事,伊藤忠
8002,丸紅,丸紅
8005,スクロール,スクロール
8006,ユアサ・フナショク,ユアサフナ
8007,高島,高島
8008,ヨンドシーホールディングス,４℃　ＨＤ
8011,三陽商会,三陽商
8012,長瀬産業,長瀬産
8013,ナイガイ,ナイガイ
8014,蝶理,蝶理
8015,豊田通商,豊田通商
8016,オンワードホールディングス,オンワードＨＤ
8018,三共生興,三共生興
8020,兼松,兼松
8022,美津濃,ミズノ
8023,ＤＡＩＫＯ　ＸＴＥＣＨ,ＤＡＩＫＯＸＴ
8025,ツカモトコーポレーション,ツカモト
8029,ルックホールディングス,ルックＨＤ
8030,中央魚類,中央魚
8031,三井物産,三井物産
8032,日本紙パルプ商事,紙パル商
8035,東京エレクトロン,東エレク
8037,カメイ,カメイ
8039,築地魚市場,築地魚
8040,東京ソワール,東ソワール
8041,ＯＵＧホールディングス,ＯＵＧ　ＨＤ
8043,スターゼン,スターゼン
8045,横浜丸魚,横浜丸魚
8046,丸藤シートパイル,丸藤パイル
8050,セイコーグループ,セイコーＧ
8051,山善,山善
8052,椿本興業,椿本興
8053,住友商事,住友商
8056,ＢＩＰＲＯＧＹ,ＢＩＰＲＯＧＹ
8057,内田洋行,内田洋行
8058,三菱商事,三菱商事
8059,第一実業,第一実業
8060,キヤノンマーケティングジャパン,キヤノンＭＪ
8061,西華産業,西華産
8065,佐藤商事,佐藤商
8066,三谷商事,三谷商
8070,東京産業,東京産
8074,ＹＵＡＳＡ,ＹＵＡＳＡ
8075,神鋼商事,神鋼商
8076,カノークス,カノークス
8077,トルク,トルク
8078,阪和興業,阪和興
8079,正栄食品工業,正栄食
8081,カナデン,カナデン
8084,ＲＹＯＤＥＮ,ＲＹＯＤＥＮ
8085,ナラサキ産業,ナラサキ
8086,ニプロ,ニプロ
8088,岩谷産業,岩谷産
8089,ナイス,ナイス
8091,ニチモウ,ニチモウ
8093,極東貿易,極東貿易
8095,アステナホールディングス,アステナＨＤ
8097,三愛オブリ,三愛オブリ
8098,稲畑産業,稲畑産
8101,ＧＳＩクレオス,ＧＳＩクレオス
8103,明和産業,明和産
8104,クワザワホールディングス,クワザワＨＤ
8105,Ｂｉｔｃｏｉｎ　Ｊａｐａｎ,ＢｉｔｃｏｉｎＪＰＮ
8107,キムラタン,キムラタン
8111,ゴールドウイン,ゴルドウイン
8113,ユニ・チャーム,ユニチャーム
8115,ムーンバット,ムーンバット
8117,中央自動車工業,中央自動車工業
8118,キング,キング
8119,三栄コーポレーション,三栄コーポ
8123,川辺,川辺
8125,ワキタ,ワキタ
8127,ヤマトインターナショナル,ヤマトインター
8129,東邦ホールディングス,東邦ＨＤ
8130,サンゲツ,サンゲツ
8131,ミツウロコグループホールディングス,ミツウロコＧＨＤ
8132,シナネンホールディングス,シナネンＨＤ
8133,伊藤忠エネクス,エネクス
8135,ゼット,ゼット
8136,サンリオ,サンリオ
8137,サンワテクノス,サンワテクノス
8138,三京化成,三京化成
8139,ナガホリ,ナガホリ
8141,新光商事,新光商
8142,トーホー,トーホー
8143,ラピーヌ,ラピーヌ
8144,デンキョーグループホールディングス,デンキョーグループ
8147,トミタ,トミタ
8150,三信電気,三信電気
8151,東陽テクニカ,東陽テクニカ
8152,ソマール,ソマール
8153,モスフードサービス,モスフード
8154,加賀電子,加賀電子
8157,都築電気,都築電気
8158,ソーダニッカ,ソーダニッカ
8159,立花エレテック,立花エレ
8160,木曽路,木曽路
8163,ＳＲＳホールディングス,ＳＲＳＨＤ
8165,千趣会,千趣会
8166,タカキュー,タカキュー
8167,リテールパートナーズ,リテールパートナーズ
8173,Ｊｏｓｈｉｎ,Ｊｏｓｈｉｎ
8174,日本瓦斯,日瓦斯
8179,ロイヤルホールディングス,ロイヤルＨＤ
8181,東天紅,東天紅
8185,チヨダ,チヨダ
8194,ライフコーポレーション,ライフコーポ
8198,マックスバリュ東海,ＭＶ東海
8200,リンガーハット,リンガーハット
8202,ラオックスホールディングス,ラオックスＨＤ
8203,ＭｒＭａｘＨＤ,ＭｒＭａｘＨＤ
8207,テンアライド,テンアライド
8208,エンチョー,エンチョー
8209,フレンドリー,フレンドリー
8214,ＡＯＫＩホールディングス,ＡＯＫＩ　ＨＤ
8217,オークワ,オークワ
8218,コメリ,コメリ
8219,青山商事,青山商
8225,タカチホ,タカチホ
8226,理経,理経
8227,しまむら,しまむら
8230,はせがわ,はせがわ
8233,高島屋,高島屋
8237,松屋,松屋
8242,エイチ・ツー・オー　リテイリング,Ｈ２Ｏリテイル
8244,近鉄百貨店,近鉄百貨店
8247,大和,大和
8252,丸井グループ,丸井Ｇ
8253,クレディセゾン,クレセゾン
8254,さいか屋,さいか屋
8255,アクシアル　リテイリング,アクシアル
8260,井筒屋,井筒屋
8267,イオン,イオン
8273,イズミ,イズミ
8275,フォーバル,フォーバル
8276,平和堂,平和堂
8278,フジ,フジ
8279,ヤオコー,ヤオコー
8281,ゼビオホールディングス,ゼビオＨＤ
8282,ケーズホールディングス,ケーズＨＤ
8283,ＰＡＬＴＡＣ,ＰＡＬＴＡＣ
8285,三谷産業,三谷産業
8289,Ｏｌｙｍｐｉｃグループ,ＯｌｙｍｐｉｃＧ
8291,日産東京販売ホールディングス,日産東ＨＤ
8304,あおぞら銀行,あおぞら
8306,三菱ＵＦＪフィナンシャル・グループ,三菱ＵＦＪ
8308,りそなホールディングス,りそなＨＤ
8309,三井住友トラストグループ,三井住友トラストＧ
8316,三井住友フィナンシャルグループ,三井住友
8331,千葉銀行,千葉銀
8334,群馬銀行,群馬銀
8336,武蔵野銀行,武蔵野銀
8337,千葉興業銀行,千葉興銀
8338,筑波銀行,筑波銀行
8341,七十七銀行,七十七銀
8343,秋田銀行,秋田銀
8344,山形銀行,山形銀
8345,岩手銀行,岩手銀
8346,東邦銀行,東邦銀
8349,東北銀行,東北銀
8354,ふくおかフィナンシャルグループ,ふくおか
8358,スルガ銀行,スルガ銀
8359,八十二長野銀行,八十二長野銀行
8360,山梨中央銀行,山梨中銀
8361,大垣共立銀行,大垣銀
8362,福井銀行,福井銀
8364,清水銀行,清水銀
8365,富山銀行,富山銀行
8366,滋賀銀行,滋賀銀
8367,南都銀行,南都銀
8368,百五銀行,百五銀
8370,紀陽銀行,紀陽銀行
8377,ほくほくフィナンシャルグループ,ほくほく
8381,山陰合同銀行,山陰合銀
8383,鳥取銀行,鳥取銀
8386,百十四銀行,百十四銀
8387,四国銀行,四国銀
8388,阿波銀行,阿波銀
8392,大分銀行,大分銀
8393,宮崎銀行,宮崎銀
8395,佐賀銀行,佐賀銀
8399,琉球銀行,琉球銀
8410,セブン銀行,セブン銀行
8411,みずほフィナンシャルグループ,みずほ
8416,高知銀行,高知銀行
8418,山口フィナンシャルグループ,山口ＦＧ
8421,信金中央金庫,Ｙ－信中金
8424,芙蓉総合リース,芙蓉リース
8425,みずほリース,みずほリース
8439,東京センチュリー,東京センチュリー
8473,ＳＢＩホールディングス,ＳＢＩ
8508,Ｊトラスト,Ｊトラスト
8511,日本証券金融,日証金
8515,アイフル,アイフル
8518,日本アジア投資,アジア投資
8522,名古屋銀行,名古屋銀
8524,北洋銀行,北洋銀行
8537,大光銀行,大光銀
8541,愛媛銀行,愛媛銀
8542,トマト銀行,トマト銀
8544,京葉銀行,京葉銀
8550,栃木銀行,栃木銀
8551,北日本銀行,北日本銀
8558,東和銀行,東和銀
8562,福島銀行,福島銀
8563,大東銀行,大東銀
8566,リコーリース,リコーリース
8570,イオンフィナンシャルサービス,イオンＦＳ
8572,アコム,アコム
8584,ジャックス,ジャックス
8585,オリエントコーポレーション,オリコ
8591,オリックス,オリックス
8593,三菱ＨＣキャピタル,三菱ＨＣキャピタル
8595,ジャフコ　グループ,ジャフコ　グループ
8596,九州リースサービス,九州リースサービス
8600,トモニホールディングス,トモニＨＤ
8601,大和証券グループ本社,大和証Ｇ
8604,野村ホールディングス,野村
8609,岡三証券グループ,岡三
8613,丸三証券,丸三証
8614,東洋証券,東洋証
8616,東海東京フィナンシャル・ホールディングス,東海東京
8617,光世証券,光世証
8622,水戸証券,水戸証
8624,いちよし証券,いちよし
8628,松井証券,松井証
8630,ＳＯＭＰＯホールディングス,ＳＯＭＰＯＨＤ
8697,日本取引所グループ,ＪＰＸ
8698,マネックスグループ,マネックスＧ
8699,ＨＳホールディングス,ＨＳＨＤ
8700,丸八証券,丸八証券
8704,トレイダーズホールディングス,トレイダーズＨＤ
8705,日産証券グループ,日産証券グループ
8706,極東証券,極東証券
8707,岩井コスモホールディングス,岩井コスモ
8708,アイザワ証券グループ,アイザワ証Ｇ
8713,フィデアホールディングス,フィデアＨＤ
8714,池田泉州ホールディングス,池田泉州
8715,アニコム　ホールディングス,アニコム　ＨＤ
8725,ＭＳ＆ＡＤインシュアランスグループホールディングス,ＭＳ＆ＡＤ
8737,あかつき本社,あかつき本社
8739,スパークス・グループ,スパークス
8742,小林洋行,小林洋行
8746,ｕｎｂａｎｋｅｄ,ｕｎｂａｎｋｅｄ
8747,豊トラスティ証券,豊トラスティ証券
8750,第一ライフグループ,第一ライフグループ
8766,東京海上ホールディングス,東京海上
8769,アドバンテッジリスクマネジメント,ＡＲＭ
8771,イー・ギャランティ,Ｅギャランティ
8772,アサックス,アサックス
8783,ａｂｃ,ａｂｃ
8789,フィンテック　グローバル,フィンテック
8793,ＮＥＣキャピタルソリューション,ＮＥＣキャピ
8795,Ｔ＆Ｄホールディングス,Ｔ＆ＤＨＤ
8798,アドバンスクリエイト,アドバンスクリエイト
8801,三井不動産,三井不
8802,三菱地所,三菱地所
8803,平和不動産,平和不
8804,東京建物,東建物
8818,京阪神ビルディング,京阪神ビ
8830,住友不動産,住友不
8835,太平洋興発,太平洋発
8836,ＲＩＳＥ,ＲＩＳＥ
8841,テーオーシー,テーオーシー
8844,コスモスイニシア,コスモスイニシア
8848,レオパレス２１,レオパレス２１
8850,スターツコーポレーション,スターツ
8860,フジ住宅,フジ住宅
8864,空港施設,空港施設
8869,明和地所,明和地所
8871,ゴールドクレスト,ゴールドクレ
8876,リログループ,リログループ
8877,エスリード,エスリード
8881,日神グループホールディングス,日神グループＨＤ
8887,シーラホールディングス,シーラＨＤ
8891,ＡＭＧホールディングス,ＡＭＧＨＤ
8892,エスコン,エスコン
8894,ＲＥＶＯＬＵＴＩＯＮ,ＲＥＶＯＬＵＴＩＯＮ
8897,ＭＩＲＡＲＴＨホールディングス,ミラースＨＤ
8898,センチュリー２１・ジャパン,センチュリー２１
8904,ＡＶＡＮＴＩＡ,ＡＶＡＮＴＩＡ
8908,毎日コムネット,毎日コムネット
8912,エリアクエスト,エリアクエスト
8914,エリアリンク,エリアリンク
8917,ファースト住建,ファースト住建
8918,ランド,ランド
8919,カチタス,カチタス
8920,東祥,東祥
8921,シーズクリエイト,Ｐ－シーズクリエイト
8923,トーセイ,トーセイ
8927,明豊エンタープライズ,明豊エンター
8928,穴吹興産,穴吹興産
8929,青山財産ネットワークス,青山財産
8931,和田興産,和田興産
8934,サンフロンティア不動産,サンフロンティア
8935,ＦＪネクストホールディングス,ＦＪネクストＨＤ
8938,グローム・ホールディングス,Ｇ－グロームＨＤ
8940,インテリックス,インテリックス
8944,ランドビジネス,ランビジネス
8945,サンネクスタグループ,サンネクスタグループ
8946,ＡＳＩＡＮ　ＳＴＡＲ,エイシアンスター
8951,日本ビルファンド投資法人,Ｒ－ビルＦ
8952,ジャパンリアルエステイト投資法人,Ｒ－ジャパン
8953,日本都市ファンド投資法人,Ｒ－都市ファンド
8954,オリックス不動産投資法人,Ｒ－オリックスＦ
8955,日本プライムリアルティ投資法人,Ｒ－Ｊプライム
8956,ＮＴＴ都市開発リート投資法人,Ｒ－ＮＴＴ都市開発Ｒ
8957,東急リアル・エステート投資法人,Ｒ－東急ＲＥ
8958,グローバル・ワン不動産投資法人,Ｒ－グロバル
8960,ユナイテッド・アーバン投資法人,Ｒ－ユナイテド
8961,森トラストリート投資法人,Ｒ－森トラスト
8963,インヴィンシブル投資法人,Ｒ－ＩＮＶ
8964,三井不動産商業ファンド投資法人,Ｒ－三井不商業
8966,平和不動産リート投資法人,Ｒ－平和ＲＥ
8967,日本ロジスティクスファンド投資法人,Ｒ－ニホンロジ
8968,福岡リート投資法人,Ｒ－福岡
8972,ＫＤＸ不動産投資法人,Ｒ－ＫＤＸ不動産
8975,いちごオフィスリート投資法人,Ｒ－いちごオフィス
8976,大和証券オフィス投資法人,Ｒ－大和ＯＦ
8977,阪急阪神リート投資法人,Ｒ－阪急阪神
8979,スターツプロシード投資法人,Ｒ－スターツＰＲ
8984,大和ハウスリート投資法人,Ｒ－ハウスリート
8985,ジャパン・ホテル・リート投資法人,Ｒ－ＪＨＲ
8986,大和証券リビング投資法人,Ｒ－大和証券リビング
8987,ジャパンエクセレント投資法人,Ｒ－エクセレント
8995,誠建設工業,誠建設
8996,ハウスフリーダム,ハウスフリーダム
8999,グランディハウス,グランディ
9001,東武鉄道,東武
9003,相鉄ホールディングス,相鉄ＨＤ
9005,東急,東急
9006,京浜急行電鉄,京急
9007,小田急電鉄,小田急
9008,京王電鉄,京王
9009,京成電鉄,京成
9010,富士急行,富士急
9012,秩父鉄道,秩父鉄道
9017,新潟交通,新潟交通
9020,東日本旅客鉄道,ＪＲ東
9021,西日本旅客鉄道,ＪＲ西
9022,東海旅客鉄道,ＪＲ東海
9024,西武ホールディングス,西武ホールディングス
9025,鴻池運輸,鴻池運輸
9028,ゼロ,ゼロ
9029,ヒガシホールディングス,ヒガシＨＤ
9031,西日本鉄道,西鉄
9033,広島電鉄,広電鉄
9034,南総通運,南総通運
9036,東部ネットワーク,東部ネット
9037,ハマキョウレックス,ハマキョウ
9039,サカイ引越センター,サカイ引越
9041,近鉄グループホールディングス,近鉄ＧＨＤ
9042,阪急阪神ホールディングス,阪急阪神
9044,ＮＡＮＫＡＩ,ＮＡＮＫＡＩ
9045,京阪ホールディングス,京阪ＨＤ
9046,神戸電鉄,神戸電鉄
9048,名古屋鉄道,名鉄
9049,京福電気鉄道,京福電鉄
9051,センコン物流,センコン物流
9052,山陽電気鉄道,山陽電鉄
9057,遠州トラック,遠州トラック
9059,カンダホールディングス,カンダ
9060,日本ロジテム,日ロジテム
9063,岡山県貨物運送,岡県運送
9064,ヤマトホールディングス,ヤマトＨＤ
9065,山九,山九
9066,日新,日新
9067,丸運,丸運
9068,丸全昭和運輸,丸全運
9069,センコーグループホールディングス,センコーグループＨＤ
9072,ニッコンホールディングス,ニッコンＨＤ
9073,京極運輸商事,京極運輸
9074,日本石油輸送,日石輸
9075,福山通運,福山運
9076,セイノーホールディングス,セイノーＨＤ
9081,神奈川中央交通,神奈中交
9082,大和自動車交通,大和自交
9083,神姫バス,神姫バス
9087,タカセ,タカセ
9090,ＡＺ－ＣＯＭ丸和ホールディングス,ＡＺ－ＣＯＭ丸和ＨＤ
9101,日本郵船,郵船
9104,商船三井,商船三井
9107,川崎汽船,川崎船
9110,ＮＳユナイテッド海運,ユナイテド海
9115,明海グループ,明海グループ
9119,飯野海運,飯野海
9127,玉井商船,玉井商船
9130,共栄タンカー,共栄タンカー
9142,九州旅客鉄道,ＪＲ九州
9143,ＳＧホールディングス,ＳＧホールディングス
9145,ビーイングホールディングス,ビーイングＨＤ
9146,五健堂ホールディングス,Ｐ－五健堂ＨＤ
9147,ＮＩＰＰＯＮ　ＥＸＰＲＥＳＳホールディングス,ＮＸＨＤ
9149,大友ロジスティクスサービス,Ｐ－大友ロジスティク
9156,はなホールディングス,Ｐ－はなＨＤ
9158,シーユーシー,Ｇ－シーユーシー
9159,Ｗ　ＴＯＫＹＯ,Ｇ－ＷＴＯＫＹＯ
9160,オンザページ,オンザページ
9162,ブリーチ,Ｇ－ブリーチ
9163,ナレルグループ,Ｇ－ナレルグループ
9164,トライト,Ｇ－トライト
9165,クオルテック,Ｇ－クオルテック
9166,ＧＥＮＤＡ,Ｇ－ＧＥＮＤＡ
9167,フトン巻きのジロー,Ｐ－フトン巻きジロー
9168,ライズ・コンサルティング・グループ,Ｇ－ライズ
9169,大伸社,Ｐ－大伸社
9171,栗林商船,栗林船
9173,東海汽船,東海船
9193,東京汽船,東汽船
9201,日本航空,ＪＡＬ
9202,ＡＮＡホールディングス,ＡＮＡ
9204,スカイマーク,Ｇ－スカイマーク
9206,スターフライヤー,ＳＦＪ
9211,エフ・コード,Ｇ－エフ・コード
9212,Ｇｒｅｅｎ　Ｅａｒｔｈ　Ｉｎｓｔｉｔｕｔｅ,Ｇ－ＧＥＩ
9213,セイファート,セイファート
9214,Ｒｅｃｏｖｅｒｙ　Ｉｎｔｅｒｎａｔｉｏｎａｌ,Ｇ－リカバリー
9215,ＣａＳｙ,Ｇ－ＣａＳｙ
9216,ビーウィズ,ビーウィズ
9218,メンタルヘルステクノロジーズ,Ｇ－メンタルヘルスＴ
9219,ギックス,Ｇ－ギックス
9220,エフビー介護サービス,エフビー介護サービス
9221,フルハシＥＰＯ,フルハシＥＰＯ
9222,ｍａｎａｂｙ,Ｐ－ｍａｎａｂｙ
9223,ＡＳＮＯＶＡ,Ｇ－ＡＳＮＯＶＡ
9224,環境のミカタ,Ｐ－環境のミカタ
9225,ブリッジコンサルティンググループ,Ｇ－ブリッジコンサル
9226,アイガー,Ｐ－アイガー
9227,マイクロ波化学,Ｇ－マイクロ波化学
9229,サンウェルズ,サンウェルズ
9233,アジア航測,アジア航測
9235,売れるネット広告社グループ,Ｇ－売れるネットＧ
9236,ジャパンＭ＆Ａソリューション,Ｇ－ジャパンＭ＆Ａ
9237,笑美面,Ｇ－笑美面
9238,バリュークリエーション,Ｇ－バリューＣ
9239,ケーイーティ,Ｐ－ケーイーティ
9240,デリバリーコンサルティング,Ｇ－デリバリコンサル
9241,フューチャーリンクネットワーク,Ｇ－ＦＬＮ
9242,メディア総研,Ｇ－メディア総研
9243,富士テクノホールディングス,Ｐ－富士テクノＨＤ
9244,デジタリフト,Ｇ－デジタリフト
9245,リベロ,Ｇ－リベロ
9246,プロジェクトホールディングス,Ｇ－プロジェクトＨＤ
9247,ＴＲＥホールディングス,ＴＲＥＨＤ
9248,人・夢・技術グループ,人・夢・技術Ｇ
9249,日本エコシステム,日本エコシステム
9250,ＧＲＣＳ,Ｇ－ＧＲＣＳ
9251,ＡＢ＆Ｃｏｍｐａｎｙ,Ｇ－ＡＢ＆Ｃ
9252,ラストワンマイル,Ｇ－ラストワンマイル
9253,スローガン,Ｇ－スローガン
9254,ラバブルマーケティンググループ,Ｇ－ラバブルマーケ
9256,サクシード,Ｇ－サクシード
9257,ＹＣＰホールディングス（グローバル）リミテッド,Ｇ－ＹＣＰ
9258,ＣＳ－Ｃ,Ｇ－ＣＳ－Ｃ
9259,タカヨシホールディングス,Ｇ－タカヨシＨＤ
9262,シルバーライフ,シルバーライフ
9264,ポエック,ポエック
9265,ヤマシタヘルスケアホールディングス,ヤマシタヘルスケア
9267,Ｇｅｎｋｙ　ＤｒｕｇＳｔｏｒｅｓ,ゲンキードラッグ
9268,オプティマスグループ,オプティマス
9270,バリュエンスホールディングス,Ｇ－バリュエンスＨＤ
9271,和心,Ｇ－和心
9272,ブティックス,Ｇ－ブティックス
9273,コーア商事ホールディングス,コーア商事ＨＤ
9274,ＫＰＰグループホールディングス,ＫＰＰグループＨＤ
9275,ナルミヤ・インターナショナル,ナルミヤ
9278,ブックオフグループホールディングス,ブックオフＧＨＤ
9279,ギフトホールディングス,ギフトＨＤ
9282,いちごグリーンインフラ投資法人,Ｉ－いちごグリーン
9284,カナディアン・ソーラー・インフラ投資法人,Ｉ－カナディアンソラ
9285,東京インフラ・エネルギー投資法人,Ｉ－東京インフラＦ
9286,エネクス・インフラ投資法人,Ｉ－エネクスインフラ
9287,ジャパン・インフラファンド投資法人,Ｉ－ＪＩＦ
9301,三菱倉庫,三菱倉
9302,三井倉庫ホールディングス,三井倉ＨＤ
9303,住友倉庫,住友倉
9304,澁澤倉庫,渋沢倉
9305,ヤマタネ,ヤマタネ
9306,東陽倉庫,東陽倉
9307,杉村倉庫,杉村倉庫
9308,乾汽船,乾汽船
9310,日本トランスシティ,トランスシティ
9311,アサガミ,アサガミ
9312,ケイヒン,ケイヒン
9313,丸八倉庫,丸八倉
9319,中央倉庫,中央倉庫
9322,川西倉庫,川西倉庫
9324,安田倉庫,安田倉
9325,ファイズホールディングス,ファイズＨＤ
9326,関通ホールディングス,Ｇ－関通ＨＤ
9327,イー・ロジット,イー・ロジット
9330,揚羽,Ｇ－揚羽
9331,キャスター,Ｇ－キャスター
9332,ＮＩＳＳＯホールディングス,ＮＩＳＳＯＨＤ
9334,アイビスホールディングス,Ｐ－アイビスＨＤ
9335,テクノクリエイティブ,Ｐ－テクノＣ
9336,大栄環境,大栄環境
9337,トリドリ,Ｇ－トリドリ
9338,ＩＮＦＯＲＩＣＨ,Ｇ－ＩＮＦＯＲＩＣＨ
9339,コーチ・エィ,コーチ・エィ
9340,アソインターナショナル,アソインター
9341,ＧＥＮＯＶＡ,ＧＥＮＯＶＡ
9342,スマサポ,Ｇ－スマサポ
9343,アイビス,Ｇ－アイビス
9344,アクシスコンサルティング,Ｇ－アクシスＣ
9345,ビズメイツ,Ｇ－ビズメイツ
9346,ココルポート,Ｇ－ココルポート
9347,日本管財ホールディングス,日本管財ＨＤ
9348,ｉｓｐａｃｅ,Ｇ－ｉｓｐａｃｅ
9351,東洋埠頭,東洋埠頭
9353,櫻島埠頭,桜島埠頭
9355,リンコーコーポレーション,リンコー
9360,鈴与シンワート,鈴与シンワ
9361,伏木海陸運送,伏木運
9362,兵機海運,兵機海運
9363,大運,大運
9364,上組,上組
9365,トレーディア,トレーディア
9366,サンリツ,サンリツ
9367,大東港運,大東港運
9368,キムラユニティー,キムラユニティー
9369,キユーソー流通システム,キユソ流通
9376,ユーラシア旅行社,ユーラシア
9377,エージーピー,エージーピー
9380,東海運,東海運
9381,エーアイテイー,エーアイテイー
9385,ショーエイコーポレーション,ショーエイコーポ
9386,日本コンセプト,日本コンセプト
9399,ビート・ホールディングス・リミテッド,ビート
9401,ＴＢＳホールディングス,ＴＢＳＨＤ
9404,日本テレビホールディングス,日テレＨＤ
9405,朝日放送グループホールディングス,朝日放送グループＨＤ
9408,ＢＳＮメディアホールディングス,ＢＳＮメディアＨＤ
9409,テレビ朝日ホールディングス,テレビ朝日ＨＤ
9412,スカパーＪＳＡＴ,スカパーＪＳＡＴ
9413,テレビ東京ホールディングス,テレ東ＨＤ
9414,日本ＢＳ放送,日本ＢＳ放送
9416,ビジョン,ビジョン
9417,スマートバリュー,スマートバリュー
9418,Ｕ－ＮＥＸＴ　ＨＯＬＤＩＮＧＳ,Ｕ－ＮＥＸＴ
9419,ワイヤレスゲート,ワイヤレスゲート
9421,エヌジェイホールディングス,エヌジェイＨＤ
9423,フォーバル・リアルストレート,フォーバルＲＳ
9424,日本通信,日本通信
9425,ＲｅＹｕｕ　Ｊａｐａｎ,ＲｅＹｕｕＪａｐａｎ
9428,クロップス,クロップス
9432,ＮＴＴ,ＮＴＴ
9433,ＫＤＤＩ,ＫＤＤＩ
9434,ソフトバンク,ソフトバンク
9435,光通信,光通信
9436,沖縄セルラー電話,沖縄セルラー
9438,エムティーアイ,エムティーアイ
9439,エム・エイチ・グループ,ＭＨグループ
9441,ベルパーク,ベルパーク
9444,トーシンホールディングス,トーシンＨＤ
9445,フォーバルテレコム,Ｆテレコム
9446,サカイホールディングス,サカイＨＤ
9449,ＧＭＯインターネットグループ,ＧＭＯ
9450,ファイバーゲート,ファイバーゲート
9466,アイドママーケティングコミュニケーション,アイドマＭＣ
9467,アルファポリス,Ｇ－アルファポリス
9468,ＫＡＤＯＫＡＷＡ,ＫＡＤＯＫＡＷＡ
9470,学研ホールディングス,学研ＨＤ
9474,ゼンリン,ゼンリン
9475,昭文社ホールディングス,昭文社ＨＤ
9476,中央経済社ホールディングス,中央経済社ＨＤ
9478,ＳＥホールディングス・アンド・インキュベーションズ,ＳＥ　Ｈ＆Ｉ
9501,東京電力ホールディングス,東電力ＨＤ
9502,中部電力,中部電力
9503,関西電力,関西電力
9504,中国電力,中国電力
9505,北陸電力,北陸電力
9506,東北電力,東北電力
9507,四国電力,四国電力
9508,九州電力,九州電力
9509,北海道電力,北海電力
9511,沖縄電力,沖縄電力
9513,電源開発,Ｊパワー
9514,エフオン,ＥＦ－ＯＮ
9517,イーレックス,イーレックス
9519,レノバ,レノバ
9531,東京瓦斯,東瓦斯
9532,大阪瓦斯,大瓦斯
9533,東邦瓦斯,東邦瓦斯
9534,北海道瓦斯,北海瓦斯
9535,広島ガス,広島ガス
9536,西部ガスホールディングス,西部ガスＨＤ
9537,北陸瓦斯,北陸瓦斯
9539,京葉瓦斯,京葉瓦斯
9543,静岡ガス,静岡ガス
9551,メタウォーター,メタウォーター
9552,クオンツ総研ホールディングス,クオンツ総研ＨＤ
9553,マイクロアド,Ｇ－マイクロアド
9554,ＡＶｉＣ,Ｇ－ＡＶｉＣ
9556,ＩＮＴＬＯＯＰ,Ｇ－ＩＮＴＬＯＯＰ
9557,エアークローゼット,Ｇ－エアクロ
9558,ジャパニアス,Ｇ－ジャパニアス
9560,プログリット,Ｇ－プログリット
9561,グラッドキューブ,Ｇ－グラッドキューブ
9562,ビジネスコーチ,Ｇ－ビジネスコーチ
9563,Ａｔｌａｓ　Ｔｅｃｈｎｏｌｏｇｉｅｓ,Ｇ－Ａｔｌａｓ
9564,ＦＣＥ,ＦＣＥ
9565,ＧＬＯＥ,Ｇ－ＧＬＯＥ
9600,アイネット,アイネット
9601,松竹,松竹
9602,東宝,東宝
9603,エイチ・アイ・エス,Ｈ．Ｉ．Ｓ．
9605,東映,東映
9610,ウィルソン・ラーニング　ワールドワイド,ウィルソンＷＬＷ
9612,ラックランド,ラックランド
9613,ＮＴＴデータグループ,ＮＴＴデータグループ
9616,共立メンテナンス,共立メンテ
9619,イチネンホールディングス,イチネンＨＤ
9621,建設技術研究所,建設技研
9622,スペース,スペース
9625,セレスポ,セレスポ
9627,アインホールディングス,アインＨＤ
9628,燦ホールディングス,燦ＨＤ
9629,ピー・シー・エー,ピーシーエー
9632,スバル興業,スバル興
9633,東京テアトル,テアトル
9635,武蔵野興業,武蔵野興
9636,きんえい,きんえい
9639,三協フロンテア,三協フロンテ
9640,セゾンテクノロジー,セゾンテクノロジー
9644,タナベコンサルティンググループ,タナベコンサルＧ
9647,協和コンサルタンツ,協和コンサル
9651,日本プロセス,日プロ
9656,グリーンランドリゾート,グリーンランド
9658,ビジネスブレイン太田昭和,ビジ太田昭和
9661,歌舞伎座,歌舞伎
9663,ナガワ,ナガワ
9672,東京都競馬,都競馬
9678,カナモト,カナモト
9679,ホウライ,ホウライ
9682,ＤＴＳ,ＤＴＳ
9684,スクウェア・エニックス・ホールディングス,スクエニＨＤ
9685,ＫＹＣＯＭホールディングス,ＫＹＣＯＭ
9686,東洋テック,東洋テック
9687,ＫＳＫ,ＫＳＫ
9691,両毛システムズ,両毛システム
9692,シーイーシー,シーイーシー
9696,ウィザス,ウィザス
9697,カプコン,カプコン
9698,クレオ,クレオ
9699,ニシオホールディングス,ニシオＨＤ
9701,東京會舘,東京会館
9702,アイ・エス・ビー,アイエスビー
9704,アゴーラ　ホスピタリティー　グループ,アゴーラＨＧ
9706,日本空港ビルデング,日空ビル
9708,帝国ホテル,帝国ホテル
9709,ＮＣＳ＆Ａ,ＮＣＳ＆Ａ
9713,ロイヤルホテル,ロイヤルホテル
9715,トランス・コスモス,トランスコスモス
9716,乃村工藝社,乃村工芸
9719,ＳＣＳＫ,ＳＣＳＫ
9720,ホテル、ニューグランド,ニューグランド
9722,藤田観光,藤田観
9723,京都ホテル,京都ホテル
9726,ＫＮＴ－ＣＴホールディングス,ＫＮＴＣＴ
9729,トーカイ,トーカイ
9731,白洋舎,白洋舎
9733,ナガセ,ナガセ
9735,セコム,セコム
9739,ＮＳＷ,ＮＳＷ
9740,セントラル警備保障,ＣＳＰ
9742,アイネス,アイネス
9743,丹青社,丹青社
9744,メイテックグループホールディングス,メイテックＧＨＤ
9746,ＴＫＣ,ＴＫＣ
9753,アイエックス・ナレッジ,ＩＸナレッジ
9755,応用地質,応用地質
9757,船井総研ホールディングス,船井総研ＨＤ
9759,ＮＳＤ,ＮＳＤ
9760,進学会ホールディングス,進学会ＨＤ
9761,東海リース,東海リース
9763,丸建リース,丸建リース
9765,オオバ,オオバ
9766,コナミグループ,コナミグループ
9767,日建工学,日建工学
9768,いであ,いであ
9769,学究社,学究社
9776,札幌臨床検査センター,札臨
9778,昴,昴
9780,ハリマビステム,ハリマビステム
9782,ディーエムエス,ディーエムエス
9788,ナック,ナック
9790,福井コンピュータホールディングス,福井コンピ
9791,ビケンテクノ,ビケンテクノ
9793,ダイセキ,ダイセキ
9795,ステップ,ステップ
9799,旭情報サービス,旭情報
9812,テーオーホールディングス,テーオーＨＤ
9816,ストライダーズ,ストライダーズ
9818,大丸エナウィン,大丸エナ
9820,エムティジェネックス,ＭＴジェネック
9823,マミーマートホールディングス,マミーマートＨＤ
9824,泉州電業,泉州電業
9827,リリカラ,リリカラ
9828,Ｇｅｎｋｉ　Ｇｌｏｂａｌ　Ｄｉｎｉｎｇ　Ｃｏｎｃｅｐｔｓ,ゲンキＧＤＣ
9830,トラスコ中山,トラスコ中山
9831,ヤマダホールディングス,ヤマダＨＤ
9832,オートバックスセブン,オートバックス
9835,ジュンテンドー,ジュンテンド
9837,モリト,モリト
9842,アークランズ,アークランズ
9843,ニトリホールディングス,ニトリＨＤ
9845,パーカーコーポレーション,パーカー
9846,天満屋ストア,天満屋ス
9849,共同紙販ホールディングス,共同紙
9850,グルメ杵屋,グルメ杵屋
9853,銀座ルノアール,銀座ルノア
9854,愛眼,愛眼
9856,ケーユーホールディングス,ケーユーＨＤ
9857,英和,英和
9861,吉野家ホールディングス,吉野家ＨＤ
9867,ソレキア,ソレキア
9869,加藤産業,加藤産業
9872,北恵,北恵
9876,コックス,コックス
9878,セキド,セキド
9880,イノテック,イノテック
9882,イエローハット,イエローハット
9885,シャルレ,シャルレ
9887,松屋フーズホールディングス,松屋フーズＨＤ
9888,ＵＥＸ,ＵＥＸ
9889,ＪＢＣＣホールディングス,ＪＢＣＣ　ＨＤ
9890,マキヤ,マキヤ
9895,コンセック,コンセック
9896,ＪＫホールディングス,ＪＫＨＤ
9900,サガミホールディングス,サガミＨＤ
9902,日伝,日伝
9903,カンセキ,カンセキ
9904,ベリテ,ベリテ
9906,藤井産業,藤井産業
9908,日本電計,日本電計
9913,日邦産業,日邦産業
9914,植松商会,植松商会
9927,ワットマン,ワットマン
9928,ミロク情報サービス,ミロク情報
9929,平和紙業,平和紙業
9930,北沢産業,北沢産業
9932,杉本商事,杉本商事
9934,因幡電機産業,因幡電産
9936,王将フードサービス,王将フード
9941,太洋物産,太洋物産
9946,ミニストップ,ミニストップ
9948,アークス,アークス
9950,ハチバン,ハチバン
9955,ヨンキュウ,ヨンキュウ
9956,バローホールディングス,バローＨＤ
9959,アシードホールディングス,アシードＨＤ
9960,東テク,東テク
9962,ミスミグループ本社,ミスミＧ
9969,ショクブン,ショクブン
9972,アルテック,アルテック
9973,ＫＯＺＯホールディングス,ＫＯＺＯＨＤ
9974,ベルク,ベルク
9976,セキチュー,セキチュー
9978,文教堂グループホールディングス,文教堂ＨＤ
9979,大庄,大庄
9980,ＭＲＫホールディングス,ＭＲＫ　ＨＬＤ
9982,タキヒヨー,タキヒヨー
9983,ファーストリテイリング,ファーストリテ
9984,ソフトバンクグループ,ソフトバンクグループ
9986,蔵王産業,蔵王産業
9987,スズケン,スズケン
9989,サンドラッグ,サンドラッグ
9990,サックスバー　ホールディングス,サックスバーＨＤ
9991,ジェコス,ジェコス
9993,ヤマザワ,ヤマザワ
9994,やまや,やまや
9996,サトー商会,サトー商会
9997,ベルーナ,ベルーナ
6797,名古屋電機工業,名古屋電機工業
5356,美濃窯業,美濃窯業
5868,ロココ,ロココ
5869,早稲田学習研究会,早稲田学習研究会
5622,ワンビ,Ｐ－ワンビ
2012,ｉシェアーズ　米国債０－３ヶ月　ＥＴＦ,ｉＳ米国債０３月
2013,ｉシェアーズ　米国高配当株　ＥＴＦ,ｉＳ米国高配当株
2014,ｉシェアーズ　米国連続増配株　ＥＴＦ,ｉＳ米国連続増配株
5893,ＲＡＶＩＰＡ,Ｐ－ＲＡＶＩＰＡ
5871,ＳＯＬＩＺＥ　Ｈｏｌｄｉｎｇｓ,ＳＯＬＩＺＥ　ＨＤ
2015,ｉＦｒｅｅＥＴＦ　米国国債７－１０年（為替ヘッジなし）,ｉＦ米国債７１０Ｈ無
2016,ｉＦｒｅｅＥＴＦ　米国国債７－１０年（為替ヘッジあり）,ｉＦ米国債７１０Ｈ有
2017,ｉＦｒｅｅＥＴＦ　ＪＰＸプライム１５０,ｉＦＪＰＸプラ１５０
2018,グローバルＸ　ＵＳ　ＲＥＩＴ・トップ２０　ＥＴＦ,ＧＸＵＳリート２０
2019,グローバルＸ　米国優先証券　ＥＴＦ（隔月分配型）,ＧＸ優先証券隔月
130A,Ｖｅｒｉｔａｓ　Ｉｎ　Ｓｉｌｉｃｏ,Ｇ－ＶＩＳ
131A,ＣＣＮグループ,Ｐ－ＣＣＮグループ
132A,アイエヌホールディングス,Ｐ－アイエヌＨＤ
133A,グローバルＸ　超短期米国債　ＥＴＦ,ＧＸ超短期米国債
134A,アプライズ,Ｐ－アプライズ
135A,ＶＲＡＩＮ　Ｓｏｌｕｔｉｏｎ,Ｇ－ＶＲＡＩＮ
136A,三興商事,Ｐ－三興商事
137A,Ｃｏｃｏｌｉｖｅ,Ｇ－Ｃｏｃｏｌｉｖｅ
138A,光フードサービス,Ｇ－光フードサービス
139A,東日本地所,Ｐ－東日本地所
140A,ｉＦｒｅｅＥＴＦ　米国１０年国債先物インバース,ｉＦ米１０国債ベア
141A,トライアルホールディングス,Ｇ－トライアル
142A,ジンジブ,Ｇ－ジンジブ
143A,イシン,Ｇ－イシン
144A,エネルギーパワー,Ｐ－エネルギーパワー
145A,Ｌ　ｉｓ　Ｂ,Ｇ－エルイズビー
146A,コロンビア・ワークス,コロンビア・ワークス
147A,ソラコム,Ｇ－ソラコム
148A,ハッチ・ワーク,Ｇ－ハッチ・ワーク
149A,シンカ,Ｇ－シンカ
150A,ＪＳＨ,Ｇ－ＪＳＨ
151A,ダイブグループ,Ｇ－ダイブグループ
152A,オプティ,Ｐ－オプティ
153A,カウリス,Ｇ－カウリス
154A,ＧＡＩＡ,Ｐ－ＧＡＩＡ
155A,情報戦略テクノロジー,Ｇ－情報戦略
156A,マテリアルグループ,Ｇ－マテリアルＧ
157A,グリーンモンスター,Ｇ－Ｇモンスター
158A,エクセリ,Ｐ－エクセリ
159A,ＮＥＸＴ　ＦＵＮＤＳ　ＪＰＸプライム１５０指数連動型上場投信,ＪＰＸプライム１５０
162A,ＡＩセレクトメガトレンド　日本株（ネットリターン）ＥＴＮ,ＡＩセレクトＥＴＮ
163A,半導体フォーカス　日本株（ネットリターン）ＥＴＮ,半導体ＥＴＮ
160A,アズパートナーズ,アズパートナーズ
161A,三葉,Ｐ－三葉
164A,アップルパーク,Ｐ－アップルパーク
165A,ＳＢＩレオスひふみ,Ｇ－ＳＢＩレオス
166A,タスキホールディングス,タスキＨＤ
167A,リョーサン菱洋ホールディングス,リョーサン菱洋
170A,ＳＭＴ　ＥＴＦ日本好配当株アクティブ,ＳＭＴ　日本好配当株
171A,ゼロジャパン,Ｐ－ゼロジャパン
172A,ネオホーム,Ｐ－ネオホーム
168A,イタミアート,Ｇ－イタミアート
173A,ハンモック,Ｇ－ハンモック
178A,グローバルＸ　革新的優良企業　ＥＴＦ,ＧＸ革新優良企業
179A,グローバルＸ　超長期米国債　ＥＴＦ（為替ヘッジあり）,ＧＸ超長期米国債Ｈ
180A,グローバルＸ　超長期米国債　ＥＴＦ,ＧＸ超長期米国債
175A,Ｗｉｌｌ　Ｓｍａｒｔ,Ｇ－ウィルスマート
176A,レジル,Ｇ－レジル
177A,コージンバイオ,Ｇ－コージンバイオ
181A,ＭＡＸＩＳ米国国債１－３年上場投信（為替ヘッジなし）,ＭＸ米債１－３ヘ無
182A,ＭＡＸＩＳ米国国債２０年超上場投信（為替ヘッジなし）,ＭＸ米債２０超ヘ無
183A,ＭＡＸＩＳ米国国債２０年超上場投信（為替ヘッジあり）,ＭＸ米債２０超ヘ有
188A,グローバルＸ　インド・トップ１０＋　ＥＴＦ,ＧＸ印度トップ１０＋
184A,学びエイド,Ｇ－学びエイド
185A,リサイクルテック・ジャパン,Ｐ－リサイクルテック
200A,ＮＥＸＴ　ＦＵＮＤＳ　日経半導体株指数連動型上場投信,日経半導体株ＥＴＦ
186A,アストロスケールホールディングス,Ｇ－アストロスケール
199A,メディエア,Ｐ－メディエア
189A,Ｄ＆Ｍカンパニー,Ｇ－Ｄ＆Ｍカンパニー
201A,ｉシェアーズ　Ｎｉｆｔｙ　５０　インド株　ＥＴＦ,ｉＳＮＩＦＴＹ５０
190A,Ｃｈｏｒｄｉａ　Ｔｈｅｒａｐｅｕｔｉｃｓ,Ｇ－Ｃｈｏｒｄｉａ
191A,ミモザ,Ｐ－ミモザ
192A,インテグループ,Ｇ－インテグループ
195A,ＭＵＳＣＡＴ　ＧＲＯＵＰ,Ｇ－ＭＵＳＣＡＴ　Ｇ
194A,ＷＯＬＶＥＳ　ＨＡＮＤ,Ｇ－ＷＯＬＶＥＳ
197A,タウンズ,タウンズ
198A,ＰｏｓｔＰｒｉｍｅ,Ｇ－ポストプライム
196A,ＭＦＳ,Ｇ－ＭＦＳ
207A,ライジングコーポレーション,Ｐ－ライジング
210A,ｉＦｒｅｅＥＴＦ　日経高利回りＲＥＩＴ指数,ｉＦ日経高リート
202A,豆蔵,Ｇ－豆蔵
203A,シュンビン,Ｐ－シュンビン
204A,タイヨーパッケージ,Ｐ－タイヨーパッケー
205A,ロゴスホールディングス,Ｇ－ロゴスＨＤ
208A,構造計画研究所ホールディングス,構造計画ＨＤ
206A,ＰＲＩＳＭ　ＢｉｏＬａｂ,Ｇ－ＰＲＩＳＭＢｉｏ
209A,小野谷機工,Ｐ－小野谷機工
213A,上場インデックスファンド日経半導体株,上場日経半導体
217A,サポート,Ｐ－サポート
211A,カドス・コーポレーション,カドス
221A,ＭＡＸＩＳ日経半導体株上場投信,ＭＸＳ日経半導体株
212A,フィットイージー,フィットイージー
223A,グローバルＸ　ＡＩ＆ビッグデータ　ＥＴＦ,ＧＸＡＩビッグデータ
224A,グローバルＸ　ウラニウムビジネス　ＥＴＦ,ＧＸウラニウム
215A,タイミー,Ｇ－タイミー
216A,ライフクリエイト,Ｐ－ライフクリエイト
218A,Ｌｉｂｅｒａｗａｒｅ,Ｇ－リベラウェア
219A,Ｈｅａｒｔｓｅｅｄ,Ｇ－ハートシード
226A,勝美ジャパン,Ｐ－勝美ジャパン
220A,Ｆａｂｅｒ　Ｃｏｍｐａｎｙ,ファベル
227A,ＩＮＳＩＧＨＴ　ＬＡＢ,Ｐ－インサイトラボ
222A,ＮＩＣＳ,Ｐ－ＮＩＣＳ
229A,アスミホールディングス,Ｐ－アスミＨＤ
233A,ｉＦｒｅｅＥＴＦ　インドＮｉｆｔｙ５０,ｉＦインドＮ５０
228A,オプロ,Ｇ－オプロ
234A,グローバルＸ　ＭＳＣＩ　キャッシュフローキング－日本株式　ＥＴＦ,ＧＸＣＦキング日株
235A,グローバルＸ　高配当３０－日本株式　ＥＴＦ,ＧＸ高配当３０日株
236A,ｉシェアーズ　日本国債７－１０年　ＥＴＦ,ｉＳ日本国債七十
237A,ｉシェアーズ　米国債２５年超　ロングデュレーション　ＥＴＦ,ｉＳ米国債二十五
238A,ｉシェアーズ　米国債２５年超　ロングデュレーション　ＥＴＦ（為替ヘッジあり）,ｉＳ米国債二十五ヘジ
239A,バレッグス,Ｐ－バレッグス
252A,ウェッジ,Ｐ－ウェッジ
257A,ＳＭＴ　ＥＴＦ日本株厳選投資アクティブ,ＳＭＴ　日本株厳選投
258A,ＳＭＴ　ＥＴＦ国内リート厳選投資アクティブ,ＳＭＴ　内リート厳選
241A,ＲＯＸＸ,Ｇ－ＲＯＸＸ
243A,トップス,Ｐ－トップス
244A,グロースエクスパートナーズ,Ｇ－グロースエクスパ
245A,ＩＮＧＳ,Ｇ－ＩＮＧＳ
246A,アスア,Ｇ－アスア
248A,キッズスター,Ｇ－キッズスター
247A,Ａｉロボティクス,Ｇ－Ａｉロボティクス
249A,ヒューマンアジャスト,Ｐ－ヒューマンＡ
251A,ニューロマジック,Ｐ－ニューロマジック
250A,シマダヤ,シマダヤ
253A,ＥＴＳグループ,ＥＴＳグループ
254A,ＡＩフュージョンキャピタルグループ,ＡＩフュージョンＣＧ
255A,ジーエルテクノホールディングス,ジーエルテクノＨＤ
256A,飛島ホールディングス,飛島ＨＤ
260A,オルツ,Ｇ－オルツ
261A,日水コン,日水コン
262A,インターメスティック,インターメスティック
263A,デジタルキューブ,Ｐ－デジタルキューブ
264A,Ｓｃｈｏｏ,Ｇ－Ｓｃｈｏｏ
9023,東京地下鉄,東京メトロ
267A,トワライズ,Ｐ－トワライズ
266A,グローカルマーケティング,Ｐ－グローカルマーケ
268A,リガク・ホールディングス,リガク
265A,Ｈｍｃｏｍｍ,Ｇ－エイチエムコム
269A,Ｓａｐｅｅｔ,Ｇ－Ｓａｐｅｅｔ
271A,アクセリア,Ｐ－アクセリア
273A,ＳＢＩ　サウジアラビア株式上場投信,ＳＢＩサウジ上場投信
275A,ハンワホームズ,ハンワホームズ
279A,インターグ,Ｐ－インターグ
282A,グローバルＸ　半導体・トップ１０－日本株式　ＥＴＦ,ＧＸ半導体１０日株
283A,グローバルＸ　ＵＳ　テック・配当貴族　ＥＴＦ,ＧＸＵＳテック配貴族
274A,ガーデン,ガーデン
284A,フクヤ建設,Ｐ－フクヤ建設
276A,ククレブ・アドバイザーズ,Ｇ－ククレブ
277A,グロービング,グロービング
278A,Ｔｅｒｒａ　Ｄｒｏｎｅ,Ｇ－テラドローン
294A,ＮＥＸＴ　ＦＵＮＤＳ　ＭＳＣＩジャパン気候変動指数（セレクト）連動型上場投信,気候変動ＥＴＦ
280A,ＴＭＨ,Ｇ－ＴＭＨ
281A,インフォメティス,Ｇ－インフォメティス
7075,ＱＬＳホールディングス,Ｇ－ＱＬＳ
286A,ユカリア,Ｇ－ユカリア
295A,Ｏｎｅ　ＥＴＦ　ＦＴＳＥ・サウジアラビア・インデックス,Ｏｎｅ・サウジ
288A,ラクサス・テクノロジーズ,Ｇ－ラクサス
305A,ダブルツリー,Ｐ－ダブルツリー
307A,ハウジング・スタッフ,Ｐ－ハウジング・Ｓ
287A,黒田グループ,黒田グループ
291A,リスキル,Ｇ－リスキル
285A,キオクシアホールディングス,キオクシアＨＤ
290A,Ｓｙｎｓｐｅｃｔｉｖｅ,Ｇ－Ｓｙｎｓ
292A,エスアイイー,Ｐ－エスアイイー
293A,ＢＡＢＹ　ＪＯＢ,Ｐ－ＢＡＢＹ　ＪＯＢ
299A,クラシル,Ｇ－クラシル
308A,ぽすとめいとホールディングス,Ｐ－ぽすとめいとＨＤ
296A,令和アカウンティング・ホールディングス,Ｇ－令和ＡＨ
297A,アルピコホールディングス,アルピコＨＤ
300A,ＭＩＣ,ＭＩＣ
301A,インデックス,Ｐ－インデックス
298A,ＧＶＡ　ＴＥＣＨ,Ｇ－ＧＶＡＴＥＣＨ
303A,ｖｉｓｕｍｏ,Ｇ－ｖｉｓｕｍｏ
304A,フォルシア,Ｇ－フォルシア
302A,ビースタイルホールディングス,Ｇ－ビースタイルＨＤ
310A,サーティーフォー,Ｐ－サーティーフォー
309A,コスモス調剤,Ｐ－コスモス調剤
315A,グローバルＸ　銀行　高配当－日本株式　ＥＴＦ,ＧＸ銀行高配当日株
316A,ｉＦｒｅｅＥＴＦ　ＦＡＮＧ＋,ｉＦＦＡＮＧ＋
318A,ＶＩＸ短期先物指数ＥＴＦ,ＶＩＸ先物ＥＴＦ
313A,ｉシェアーズ　Ｓ＆Ｐ　５００　トップ　２０　ＥＴＦ,ｉＳＳＰ５００Ｔ２０
314A,ｉシェアーズ　ゴールド　ＥＴＦ,ｉＳゴールド
312A,シンコーホールディングス,Ｐ－シンコーＨＤ
311A,ＮＰＴ,Ｐ－ＮＰＴ
317A,エス・エム・エス・データテック,Ｐ－ＳＭＳＤＴｅｃｈ
321A,ヒューマンステージホールディングス,Ｐ－ヒューマンＳＨＤ
319A,技術承継機構,Ｇ－技術承継機構
322A,ヒメジ理化,Ｐ－ヒメジ理化
320A,Ｄ＆Ｉ,Ｐ－Ｄ＆Ｉ
323A,フライヤー,Ｇ－フライヤー
328A,グローバルＸ　プライシングパワー・リーダーズ－日本株式　ＥＴＦ,ＧＸ価格パワー日株
324A,ブッキングリゾート,Ｇ－ブッキングＲ
325A,ＴＥＮＴＩＡＬ,Ｇ－ＴＥＮＴＩＡＬ
326A,ａｅｒｏ　ｌａｂ　ｉｎｔｅｒｎａｔｉｏｎａｌ,Ｐ－エアロラボ
329A,ジールアソシエイツ,Ｐ－ジール
333A,テクノスマイル,Ｐ－テクノスマイル
330A,ＴａｌｅｎｔＸ,Ｇ－ＴａｌｅｎｔＸ
5016,ＪＸ金属,ＪＸ金属
331A,メディックス,メディックス
332A,ミーク,Ｇ－ミーク
345A,高配当成長　日本株（ネットリターン）ＥＴＮ,高配当成長ＥＴＮ
335A,ミライロ,Ｇ－ミライロ
334A,ビジュアル・プロセッシング・ジャパン,Ｇ－ＶＰＪ
336A,ダイナミックマッププラットフォーム,Ｇ－ダイナミクマップ
338A,ＺｅｎｍｕＴｅｃｈ,Ｇ－Ｚｅｎｍｕ
346A,ＮＥＸＴ　ＦＵＮＤＳ　Ｓ＆Ｐ　５００　半導体・半導体製造装置３５％キャップ指数連動型上場投信,Ｓ＆Ｐ５００半導体
348A,ＭＡＸＩＳ読売３３３日本株上場投信,ＭＸＳ読売３３３日株
339A,プログレス・テクノロジーズ　グループ,Ｇ－プログレス
341A,トヨコー,Ｇ－トヨコー
349A,ＳＭＤＡＭ　Ａｃｔｉｖｅ　ＥＴＦ　日本グロース株式,ＳＭＤＡＭ日本グロ株
340A,ジグザグ,Ｇ－ジグザグ
347A,ＧＲＯＷＴＨ　ＰＯＷＥＲ,Ｐ－グロースパワー
343A,ＩＡＣＥトラベル,ＩＡＣＥトラベル
356A,グローバルＸ　Ｓ＆Ｐ５００　キャッシュフロー・トップ１００　ＥＴＦ,ＧＸＳＰＣＦ１００
354A,ｉＦｒｅｅＥＴＦ　ブルームバーグ日本株高配当５０指数,ｉＦ高配当５０
351A,アクシスＩＴパートナーズ,Ｐ－アクシスＩＴＰ
355A,ナウビレッジ,Ｐ－ナウビレッジ
350A,デジタルグリッド,Ｇ－デジタルグリッド
352A,ＬＯＩＶＥ,Ｇ－ＬＯＩＶＥ
360A,東証ＲＥＩＴ　Ｃｏｒｅ　ＥＴＦ,リートコア
357A,エフアンドエフ,Ｐ－エフアンドエフ
358A,ゼン・ランド,Ｐ－ゼン・ランド
359A,ＮＥＸＴ　ＳＴＡＧＥ,Ｐ－ネクストステージ
361A,リビングハウス,Ｐ－リビングハウス
363A,ｉＦｒｅｅＥＴＦ　英国ＦＴＳＥ１００,ｉＦ英国ＦＴ１００
362A,エクシオホールディングス,Ｐ－エクシオＨＤ
364A,ＮＥＸＴ　ＦＵＮＤＳ　Ｓ＆Ｐ　５００　配当貴族指数連動型上場投信,Ｓ＆Ｐ５００配当貴族
365A,伊澤タオル,伊澤タオル
370A,リバイブル,Ｐ－リバイブル
375A,ＹＡＫホールディングス,Ｐ－ＹＡＫＨＤ
366A,ウェルネス・コミュニケーションズ,Ｇ－ウェルネスＣ
367A,プリモグローバルホールディングス,プリモＧＨＤ
379A,グローバルＸ　Ｓ＆Ｐ５００　ＥＴＦ（ダイナミック・プロテクション）,ＧＸＳＰＸプロテクト
380A,グローバルＸ　チャイナテック　ＥＴＦ,ＧＸチャイナテック
368A,北里,北里
376A,ＮＥＸＴ　ＦＵＮＤＳ　ブルームバーグ米国国債（７－１０年）インデックス（７５％為替ヘッジあり）連動型上場投信,米債７－１０ヘ有７５
381A,ｉＦｒｅｅＥＴＦ　米国国債３－５年（為替ヘッジなし）,ｉＦ米国債３５Ｈ無
382A,ｉＦｒｅｅＥＴＦ　米国国債３－５年（為替ヘッジあり）,ｉＦ米国債３５Ｈ有
369A,エータイ,Ｇ－エータイ
371A,デージーネット,Ｐ－デージーネット
372A,レント,レント
373A,リップス,Ｇ－リップス
383A,ＭＡＸＩＳ　Ｓ＆Ｐ５００均等ウェイト上場投信,ＭＸＳＳＰ５００均等
374A,樋口総合研究所,Ｐ－樋口総合研究所
378A,ヒット,Ｇ－ヒット
385A,山本通産,Ｐ－山本通産
386A,みのや,みのや
389A,八光オートメーション,Ｐ－八光オート
393A,ＲｉｔａＸ,Ｐ－ＲｉｔａＸ
394A,業界改革厳選ＥＴＦテレビ業界,業界改革厳選テレビ
395A,業界改革厳選ＥＴＦ地銀,業界改革厳選地銀
396A,業界改革厳選ＥＴＦ　ＲＥＩＴイベント・ドリブン,業界改革厳選ＲＥＩＴ
387A,フラー,Ｇ－フラー
399A,上場インデックスファンド日経平均高配当株５０,上場日経高配当５０
392A,ｉシェアーズ　ＮＡＳＤＡＱ　トップ　３０　ＥＴＦ,ｉＳＱトップ
403A,北條組,Ｐ－北條組
398A,リアルクオリティ,Ｐ－リアルクオリティ
401A,霞ヶ関ホテルリート投資法人,Ｒ－霞ヶ関ホテル
402A,アクセルスペースホールディングス,Ｇ－アクセルスペース
404A,グローバルＸ　チャイナテック・トップ１０　ＥＴＦ,ＧＸ中国テック１０
408A,ｉシェアーズ　ＡＩ　グローバル・イノベーション　アクティブ　ＥＴＦ,ｉＳベストＡＩ
405A,コヤマ・ミライエ,Ｐ－コヤマ・ミライエ
413A,ｉＦｒｅｅＥＴＦ　キャセイ台湾テックリーダー指数,ｉＦ台湾テック
412A,ＮＥＸＴ　ＦＵＮＤＳ　ＴＩＰ　ＦａｃｔＳｅｔ　台湾イノベイティブ・テクノロジー５０指数連動型上場投信,台湾テック５０
409A,オリオンビール,オリオンビール
410A,ＧＭＯコマース,Ｇ－ＧＭＯコマース
411A,日本マリタイムバンク,Ｐ－マリタイムバンク
419A,ラングローブ,Ｐ－ラングローブ
407A,ＵＮＩＣＯＮホールディングス,ＵＮＩＣＯＮ　ＨＤ
424A,グローバルＸ　ゴールド　ＥＴＦ（為替ヘッジあり）,ＧＸゴールドＨ
425A,グローバルＸ　ゴールド　ＥＴＦ,ＧＸゴールド
8729,ソニーフィナンシャルグループ,ソニーＦＧ
406A,環境のミカタホールディングス,Ｐ－環境のミカタＨＤ
415A,ＧＭＯ　ＴＥＣＨホールディングス,Ｇ－ＧＭＯＴＥ－ＨＤ
416A,富士ユナイトホールディングス,富士ユナイトＨＤ
417A,ブルーゾーンホールディングス,ブルーゾーンＨＤ
426A,ニッセイＥＴＦ　Ｓ＆Ｐ５００イコール・ウェイト（為替ヘッジなし）,ＳＰ５００ＥＷＨ無
414A,オーバーラップホールディングス,Ｇ－オーバーラップ
421A,ムービン・ストラテジック・キャリア,Ｇ－ムービン
432A,クリニファー,Ｐ－クリニファー
435A,ｉＦｒｅｅＥＴＦ　日本株配当ローテーション戦略,ｉＦ日本配当ローテ
428A,サイプレス・ホールディングス,サイプレスＨＤ
422A,ｔａｎｅ　ＣＲＥＡＴＩＶＥ,Ｐ－ｔａｎｅ－Ｃ
423A,ライオン事務器,ライオン事務器
433A,ＭＪＥ,Ｐ－ＭＪＥ
429A,テクセンドフォトマスク,テクセンド
430A,ネクストハンズ,Ｐ－ネクストハンズ
431A,ユーソナー,Ｇ－ユーソナー
434A,ＬＯＯＰＬＡＣＥ,Ｐ－ＬＯＯＰＬＡＣＥ
436A,サイバーソリューションズ,Ｇ－サイバーＳＯＬ
437A,ジェイウェイブ,Ｐ－ジェイウェイブ
439A,アクトビ,Ｐ－アクトビ
438A,インフキュリオン,Ｇ－インフキュリオン
441A,ＮＥ,Ｇ－ＮＥ
443A,ｉＦｒｅｅＥＴＦ　東証ＲＥＩＴ指数（２・５・８・１１月決算型）,ｉＦＪリート２
442A,クラシコ,Ｇ－クラシコ
452A,ｉシェアーズ　Ｓ＆Ｐ　５００　プレミアムインカム　ＥＴＦ,ｉＳＳＰカバコ
453A,ｉシェアーズ　米国債２０年超　プレミアムインカム　ＥＴＦ,ｉＳ米債カバコ
459A,野村高利回りＪリート指数ＥＴＦ,野村高利回りＪリート
461A,ＭＡＸＩＳ日本株高配当ＳＭＡＲＴ５０上場投信,ＭＸ日株高配ＳＭＡＲ
445A,東洋コーポレーション,Ｐ－東洋コーポ
444A,アイテル,Ｐ－アイテル
447A,ステート・ストリート・スパイダー　ゴールド　ＥＴＦ（為替ヘッジなし）,ＳＳゴールドヘッジ無
448A,ステート・ストリート・スパイダー　ゴールド　ＥＴＦ（為替ヘッジあり）,ＳＳゴールドヘッジ有
449A,ステート・ストリート・スパイダー　Ｓ＆Ｐ５００　ＥＴＦ（為替ヘッジなし）,ＳＳＳＰヘッジ無
450A,ステート・ストリート・スパイダー　Ｓ＆Ｐ５００　ＥＴＦ（為替ヘッジあり）,ＳＳＳＰヘッジ有
451A,ステート・ストリート・スパイダー　Ｓ＆Ｐ５００高配当株　ＥＴＦ,ＳＳＳＰ高配当
446A,ノースサンド,Ｇ－ノースサンド
455A,バリューソフトホールディングス,Ｐ－バリューソフト
457A,ルリアン,Ｐ－ルリアン
465A,グローバルＸ　日経平均株主還元４０－日本株式　ＥＴＦ,ＧＸ日経株主還元
466A,グローバルＸ　防衛テック　ＥＴＦ,ＧＸ防衛テック
467A,グローバルＸ　米ドル建て投資適格社債　ＥＴＦ（為替ヘッジあり）,ＧＸＵＳ社債Ｈ
468A,グローバルＸ　米ドル建て投資適格社債　ＥＴＦ,ＧＸＵＳ社債
456A,ＨＵＭＡＮ　ＭＡＤＥ,Ｇ－ヒューマンメイド
458A,プラン・ドゥ,Ｐ－プラン・ドゥ
460A,ＢＲＡＮＵ,Ｇ－ＢＲＡＮＵ
463A,インテリックスホールディングス,インテリックスＨＤ
464A,ＱＰＳホールディングス,Ｇ－ＱＰＳＨＤ
462A,ＦＵＮＤＩＮＮＯ,Ｇ－ファンディーノ
473A,ニッセイＥＴＦ　日経２２５インデックス,ＮＡＭ日経２２５イン
469A,フィットクルー,Ｇ－フィットクルー
470A,ローカル,Ｐ－ローカル
471A,ＮＳグループ,ＮＳグループ
8303,ＳＢＩ新生銀行,ＳＢＩ新生銀行
486A,ＮＥＸＴ　ＦＵＮＤＳ　ユーロ・ストックス５０指数（為替ヘッジなし）連動型上場投信,ＳＴＯＸＸヘッジ無
487A,ＮＥＸＴ　ＦＵＮＤＳ　ドイツ株式・ＤＡＸ（為替ヘッジなし）連動型上場投信,ＤＡＸヘッジ無
488A,ｉシェアーズ　円高フォーカス　ＥＴＦ,ｉＳ円高フォーカス
472A,ミラティブ,Ｇ－ミラティブ
489A,東証ＲＥＩＴ物流フォーカスＥＴＦ,物流フォーカス
475A,ギミック,ギミック
476A,辻・本郷ＩＴコンサルティング,辻・本郷ＩＴコンサル
485A,パワーエックス,Ｇ－パワーエックス
477A,スタートライン,Ｇ－スタートライン
484A,ニューズドテック,Ｐ－ニューズドテック
483A,テラテクノロジー,テラテクノロジー
478A,フツパー,Ｇ－フツパー
479A,ＰＲＯＮＩ,Ｇ－ＰＲＯＮＩ
481A,ＪＳｅｃｕｒｉｔｙ,Ｐ－Ｊセキュリティ
480A,リブ・コンサルティング,Ｇ－リブコンサル
490A,センス・トラスト,Ｐ－センス・トラスト
492A,Ｏｎｅ　ＥＴＦ　日本国債　高クーポン（平均残存１０年未満）,ＯｎｅＪ高クーポン
493A,Ｏｎｅ　ＥＴＦ　日本国債　１－３年,ＯｎｅＪ１－３年
494A,Ｏｎｅ　ＥＴＦ　日本国債　３－７年,ＯｎｅＪ３－７年
495A,Ｏｎｅ　ＥＴＦ　日本国債　７－１０年,ＯｎｅＪ７－１０年
496A,Ｏｎｅ　ＥＴＦ　日本国債　１７－２０年,ＯｎｅＪ１７－２０年
497A,インバウンド消費関連　日本株（ネットリターン）ＥＴＮ,インバウンドＥＴＮ
498A,防衛・航空宇宙　欧州株（ネットリターン）ＥＴＮ,防衛航空宇宙欧州株
499A,ラグジュアリー厳選１０　欧州株（ネットリターン）ＥＴＮ,ラグジュアリー欧州株
491A,ｉシェアーズ　Ｓ＆Ｐ　５００　除く金融　ＥＴＦ（為替ヘッジあり）,ｉＳＳ＆Ｐ除く金融
502A,グローバルＸ　超短期円建て債券　ＥＴＦ,ＧＸ超短期円建債券
501A,プレシャスパートナーズ,Ｐ－プレシャスパート
503A,ベルチャイルド,Ｐ－ベルチャイルド
500A,ＴＯブックス,ＴＯブックス
506A,シンカナース,Ｐ－シンカナース
507A,デジタル・ナレッジ,Ｐ－デジタルナレッジ
504A,イノバセル,Ｇ－イノバセル
512A,グローバルＸ　ステーブルコイン＆トークンビジネス　ＥＴＦ（除く日本）,ＧＸステコ＆トークン
513A,グローバルＸ　防衛テック－日本株式　ＥＴＦ,ＧＸ防衛テック日株
505A,ギークリー,ギークリー
510A,ハートアップ,Ｐ－ハートアップ
516A,ｉＦｒｅｅＥＴＦ　米ドル・ブル（１倍）,ｉＦ米ドルブル１倍
517A,ｉＦｒｅｅＥＴＦ　米ドル・ベア（１倍）,ｉＦ米ドルベア１倍
518A,ＮＥＸＴ　ＦＵＮＤＳ　ＦＴＳＥ日本株高配当キャッシュフロー５０指数連動型上場投信,ＮＦ日株高配ＣＦ５０
514A,孫の手,Ｐ－孫の手
511A,ヴァンガードスミス,Ｐ－ヴァンガードＳ
509A,グリーンライト・再エネインフラ投資法人,Ｉ－Ｇライト・再エネ
521A,ｉＦｒｅｅＥＴＦ　ＦＡＮＧ＋ゴールド,ｉＦＦＡＮＧゴールド
526A,ＪＰＸスタートアップ急成長１００ＥＴＦ,スタートアップ１００
515A,ｉシェアーズ　高格付け日本円社債　ＥＴＦ,ｉＳ高格付日本円社債
527A,ＮＯＳＥ　ＳＨＯＰ,Ｐ－ＮＯＳＥＳＨＯＰ
540A,上場インデックスファンド日経銀行株トップ１０,上場日経銀行株１０
530A,ＮＺＡＭ　上場投信　東証ＲＥＩＴ指数（２・５・８・１１月決算型）,ＮＺＡＭ　Ｊリート２
531A,ＮＺＡＭ　上場投信　日経平均高配当株５０,ＮＺＡＭ　日経高５０
532A,ＮＺＡＭ　上場投信　ＴＯＰＩＸ高配当４０,ＮＺＡＭ　ＴＰ高４０
533A,ＮＺＡＭ　上場投信　Ｓ＆Ｐ５００（為替ヘッジなし）,ＮＺＡＭ　ＳＰ５００
534A,ＮＺＡＭ　上場投信　ＮＡＳＤＡＱ１００（為替ヘッジなし）,ＮＺＡＭ　ＮＱ１００
535A,ＮＺＡＭ　上場投信　ＤＡＸ（為替ヘッジなし）,ＮＺＡＭ　ＤＡＸ
536A,ＮＺＡＭ　上場投信　先進国株式（ＭＳＣＩ－ＫＯＫＵＳＡＩ）（為替ヘッジなし）,ＮＺＡＭ　先進国株
537A,ＮＺＡＭ　上場投信　全世界株式（ＭＳＣＩ　ＡＣＷＩ）（為替ヘッジなし）,ＮＺＡＭ　全世界株
538A,ＮＺＡＭ　上場投信　米国国債７－１０年（為替ヘッジなし）,ＮＺＡＭ　米債７１０
539A,ＮＺＡＭ　上場投信　海外債券（ＦＴＳＥ　ＷＧＢＩ除く日本）（為替ヘッジなし）,ＮＺＡＭ　海外債券
525A,ｍａｎｅｂｉ,Ｐ－ｍａｎｅｂｉ
541A,Ｏｎｅ　ＥＴＦ　ＴＯＰＩＸ高配当株グロース指数,Ｏｎｅ高配当グロース
519A,ベーシック,Ｇ－ベーシック
520A,ジェイファーマ,Ｇ－ジェイファーマ
524A,田村ビルズグループ,Ｐ－田村ビルズＧ
528A,フリースタイル,Ｐ－フリースタイル
522A,ＣＯＥＬ,Ｐ－ＣＯＥＬ
523A,セイワホールディングス,Ｇ－セイワＨＤ
551A,ＩＺＵＭＩグループ,Ｐ－ＩＺＵＭＩ
552A,ＭＡＸＩＳ米国ＡＩインフラ株上場投信,ＭＸ米株ＡＩインフラ
543A,ＡＲＣＨＩＯＮ,ＡＲＣＨＩＯＮ
544A,ＧＭＳグループ,ＧＭＳグループ
545A,トランヴィア,トランヴィア
546A,ＭＩＲＡＩＮＩホールディングス,ＭＩＲＡＩＮＩ
547A,ムニノバホールディングス,ムニノバＨＤ
542A,ビタブリッドジャパン,Ｇ－ビタブリッドＪ
548A,システムエグゼ,システムエグゼ
549A,ヒトトヒトホールディングス,ヒトトヒトＨＤ
550A,ソフトテックス,ソフトテックス
560A,オカダコーポレーション,Ｐ－オカダコーポ
557A,フェリエスト,Ｐ－フェリエスト
554A,バトンズ,Ｇ－バトンズ
555A,北王ＧＲＯＵＰ,Ｐ－北王ＧＲＯＵＰ
558A,ＳＱＵＥＥＺＥ,Ｇ－ＳＱＵＥＥＺＥ
556A,犬猫生活,Ｇ－犬猫生活
563A,グローバルＸ　ＮＡＳＤＡＱ１００・デイリー・カバード・コール　ＥＴＦ,ＧＸナスＤカバコ
564A,グローバルＸ　Ｓ＆Ｐ先進国キャッシュフロー・トップ１００　ＥＴＦ,ＧＸ先進ＣＦ１００
559A,梅乃宿酒造,梅乃宿酒造
562A,寶結,Ｐ－寶結
565A,ＦＦＦホールディングス,Ｐ－ＦＦＦＨＤ
561A,マークスライフ,Ｐ－マークスライフ
566A,ｉＦｒｅｅＥＴＦ　ブルームバーグ日本株（除く金融）高配当５０指数,ｉＦ除金融高配当５０
567A,ディープラス,Ｐ－ディープラス
568A,ｉシェアーズ　シルバー　ＥＴＦ,ｉＳシルバー
569A,ｉシェアーズ　プラチナ　ＥＴＦ,ｉＳプラチナ
570A,ｉシェアーズ　日本国債０－１年　ＥＴＦ,ｉＳ日本国債〇一
571A,ｉシェアーズ　日本国債１－３年　ＥＴＦ,ｉＳ日本国債一三
572A,ｉシェアーズ　日本国債３－７年　ＥＴＦ,ｉＳ日本国債三七
573A,ｉシェアーズ　日本国債２０年超　ＥＴＦ,ｉＳ日本国債二十超
574A,ＬＡＳＳＩＣ,Ｐ－ＬＡＳＳＩＣ
576A,グローバルＸ　チャイナテック・カバード・コール　ＥＴＦ,ＧＸチャイテクカバコ
577A,グローバルＸ　シルバー　ＥＴＦ,ＧＸシルバー
578A,グローバルＸ　シルバー　ＥＴＦ（為替ヘッジあり）,ＧＸシルバーＨ
579A,グローバルＸ　銀ビジネス　ＥＴＦ,ＧＸ銀ビジネス
580A,グローバルＸ　銅ビジネス　ＥＴＦ,ＧＸ銅ビジネス
575A,前澤ホールディングス,前澤ＨＤ
585A,日本バリュー・ボトムアップ株式投資戦略アクティブＥＴＦ,ＮＶＩ　ボトムアップ
586A,ＮＥＸＴ　ＦＵＮＤＳ　日経エンタメ・コンテンツ株指数連動型上場投信,ＮＦ日経エンタメ
587A,インベスコＱＱＱトラスト　シリーズ１,インベスコＱＱＱ
581A,ＧＯ,Ｇ－ＧＯ
584A,ＬｉＮＫＸ,Ｇ－ＬｉＮＫＸ
583A,不動産流通システム,Ｐ－不動産流通ＳＹＳ
591A,西條,Ｐ－西條
589A,ネイス,Ｇ－ネイス
595A,不二興産,Ｐ－不二興産
590A,ギフティグループ,ギフティグループ
594A,ＰＲＯ　ＨＯＬＤＩＮＧＳ,Ｐ－ＰＲＯＨＤ
600A,ニッセイＥＴＦ　ラッセル２０００,ＮＡＭラセル２０００
599A,元気な介護,Ｐ－元気な介護
605A,ＮＥＸＴ　ＦＵＮＤＳ　日本株政策フォーカス上場投信,ＮＦ日本株政策
597A,ａｎｄ　ＵＳ,Ｐ－ａｎｄ　ＵＳ
598A,チャットプラス,Ｇ－チャットプラス
606A,金２倍ブルＥＴＦ,金２倍
608A,上場インデックスファンド東証ＲＥＩＴ高利回り３０,上場リート高利３０
593A,ティアフォー,Ｇ－ティアフォー
601A,ラックス建設,Ｐ－ラックス建設
602A,レックスアドバイザーズ,Ｐ－レックス
603A,アイ・グリッド・ソリューションズ,Ｇ－アイ・グリッド
604A,ビーエイブル,ビーエイブル
609A,グローバルＸ　総合商社＆資源ビジネス－日本株式　ＥＴＦ,ＧＸ総合商社＆資源
610A,グローバルＸ　宇宙テック・トップ１０　ＥＴＦ（除く日本）,ＧＸ宇宙テック１０
611A,Ｏｎｅ　ＥＴＦ　日本国債　２７－３０年,ＯｎｅＪ２７－３０年
612A,Ｏｎｅ　ＥＴＦ　日本国債先物逆連動指数,ＯｎｅＪＧＢ逆連動
613A,ｉＦｒｅｅＥＴＦ　ドイツ０－３カ月短期国債,ｉＦドイツ０３短国
607A,エブリー,Ｇ－エブリー
